basis,n_dof,n_q_per_segment,cholesky_ok,seconds_construct,seconds_solve,seconds,e_lam_mode1,e_lam_mode2,e_lam_mode3,e_lam_mode4,e_lam_mode5,e_lam_mode6,e_lam_mode7,e_lam_mode8,e_lam_mode9,e_lam_mode10
monomial_raw,4,12,True,3.8081780076026917e-06,0.0005086369346827269,0.0005124451126903296,3.07844954072106e-06,0.011226494139421023,0.05418123558115043,4.4248455394824875,nan,nan,nan,nan,nan,nan
monomial_orthonormalized,4,12,True,0.05869848607107997,0.00021879910491406918,0.05891728517599404,3.0784495463249976e-06,0.011226494139389646,0.054181235578252815,4.424845539441643,nan,nan,nan,nan,nan,nan
shifted_legendre,4,12,True,7.619103416800499e-05,0.00021708686836063862,0.0002932779025286436,3.0784495539406056e-06,0.011226494139411305,0.054181235578244454,4.424845539443331,nan,nan,nan,nan,nan,nan
integrated_legendre,4,12,True,0.00014060712419450283,0.0003345899749547243,0.00047519709914922714,3.0784495710398008e-06,0.01122649413940873,0.054181235578252815,4.424845539441543,nan,nan,nan,nan,nan,nan
chebyshev,4,12,True,6.65921252220869e-05,0.0001871341373771429,0.0002537262625992298,3.0784495450317816e-06,0.011226494139400182,0.05418123557817421,4.424845539440796,nan,nan,nan,nan,nan,nan
bspline_p3,4,12,True,0.00021820701658725739,0.00040753395296633244,0.0006257409695535898,0.0002278303780984305,0.012655976852096164,0.03169312241386315,3.340911974065355,nan,nan,nan,nan,nan,nan
monomial_raw,6,12,True,1.0303920134902e-05,0.00020001386292278767,0.00021031778305768967,1.6267987478431538e-10,2.7795395256687803e-05,0.0006185482600906775,0.1276946829055074,0.25113742941211303,10.354217087148532,nan,nan,nan,nan
monomial_orthonormalized,6,12,True,0.07115085888653994,0.00020718295127153397,0.07135804183781147,1.6262584707523463e-10,2.779539516033287e-05,0.0006185482578626635,0.12769468278105534,0.25113742430642744,10.354217002215494,nan,nan,nan,nan
shifted_legendre,6,12,True,0.00011031911708414555,0.0002507988829165697,0.00036111800000071526,1.627948273568276e-10,2.779539562583374e-05,0.0006185482578171476,0.12769468278121288,0.2511374243076036,10.354217002197993,nan,nan,nan,nan
integrated_legendre,6,12,True,0.00025111809372901917,0.00040610996074974537,0.0006572280544787645,1.623929244251817e-10,2.7795394823851605e-05,0.0006185482578319612,0.12769468278105287,0.25113742430653196,10.354217002215115,nan,nan,nan,nan
chebyshev,6,12,True,0.00010737497359514236,0.00027547101490199566,0.000382845988497138,1.6264524532184607e-10,2.7795395144761537e-05,0.0006185482576926655,0.127694682780906,0.2511374243064688,10.354217002214885,nan,nan,nan,nan
bspline_p3,5,12,True,0.00017238291911780834,0.00047038099728524685,0.0006427639164030552,7.00597014511703e-05,0.003529194115143614,0.035991656480479355,0.043824924069169754,3.9639535733376317,nan,nan,nan,nan,nan
monomial_raw,8,16,True,8.03195871412754e-06,0.00016539101488888264,0.00017342297360301018,2.0096583489452704e-12,1.8444835969957652e-08,2.207067811159684e-06,0.0035563650899572323,0.01239661029064862,0.42165302077108724,0.6530250110278529,20.786068324360805,nan,nan
monomial_orthonormalized,8,16,True,0.06242775986902416,0.00016980688087642193,0.06259756674990058,8.76944437552766e-13,1.843661793607729e-08,2.2071561456399875e-06,0.0035563721560668247,0.012397323551693134,0.42165426661491817,0.6530615544583912,20.786540199408112,nan,nan
shifted_legendre,8,16,True,0.0001523829996585846,0.002333698095753789,0.0024860810954123735,8.318255528417111e-13,1.844147654288995e-08,2.20715605126299e-06,0.003556372155888252,0.012397323552865483,0.4216542666171822,0.653061554484236,20.78654019860664,nan,nan
integrated_legendre,8,16,True,0.00038734194822609425,0.0005370208527892828,0.000924362801015377,1.232722649478155e-12,1.8440818683382967e-08,2.2071555974171506e-06,0.0035563721558644836,0.012397323552777501,0.42165426661591765,0.6530615544833951,20.78654019866965,nan,nan
chebyshev,8,16,True,0.00013718311674892902,0.00032116612419486046,0.0004583492409437895,7.72912359429187e-13,1.84414003253176e-08,2.20715607276661e-06,0.003556372156005102,0.012397323552683146,0.42165426661623256,0.653061554483604,20.786540198674313,nan,nan
bspline_p3,7,14,True,0.00019478308968245983,0.0007038679905235767,0.0008986510802060366,1.3525874962634655e-05,0.0006052175331229153,0.00581518061937795,0.028356981093676237,0.08290445599784253,0.0616628322844709,4.74972137535816,nan,nan,nan
monomial_raw,10,20,True,5.151843652129173e-06,0.00018795114010572433,0.0001931029837578535,1.0489422241742082e-13,3.682327320461825e-12,3.0822467710038412e-09,3.5488995328071885e-05,0.00024655159495271043,0.03103352402952259,0.05997340805110631,0.9403598824650832,1.2334729238457973,36.608790131213446
monomial_orthonormalized,10,20,True,0.052352732978761196,0.00019463896751403809,0.052547371946275234,2.119581746410102e-12,1.9614024418064657e-12,3.1334465310387104e-09,3.5578351160961404e-05,0.00026317365296301505,0.031098804443754232,0.06345657559048416,0.9432169118459445,1.307093242364951,37.53616054815535
shifted_legendre,10,20,True,0.00021004700101912022,0.0004285569302737713,0.0006386039312928915,3.7876872642783736e-13,3.6268324981961857e-12,3.1334952725766236e-09,3.5578351117407024e-05,0.00026317365673434644,0.031098804451619756,0.06345657541657268,0.943216911705584,1.307093243204181,37.536160567586066
integrated_legendre,10,20,True,0.000549084972590208,0.0006972441915422678,0.0012463291641324759,4.49895630669787e-12,2.9951983924511916e-12,3.1328403678931916e-09,3.5578350816881794e-05,0.00026317365587585125,0.031098804449950786,0.06345657541568976,0.9432169116936199,1.3070932432135038,37.53616056817295
chebyshev,10,20,True,0.00017206184566020966,0.00037852581590414047,0.0005505876615643501,2.4035146005153395e-12,3.4905540738982853e-12,3.131401656272876e-09,3.557835086217835e-05,0.0002631736560601918,0.03109880444857307,0.0634565754155562,0.943216911691108,1.3070932432127793,37.53616056850813
bspline_p3,9,18,True,0.0002520470879971981,0.001062760828062892,0.00131480791606009,4.242673176484067e-06,0.0001802519150456209,0.0016053975825425287,0.007352567357617613,0.024490665642825517,0.06389832262297165,0.1155412366545973,0.07104399845402924,5.211786936250119,nan
monomial_raw,12,24,True,7.119961082935333e-06,0.00021179113537073135,0.0002189110964536667,1.2931877026195943e-11,3.77560311138806e-11,1.1648869167594209e-11,6.086823369368204e-08,1.600273603519889e-05,0.0005294905105961071,0.16698639867786622,0.3275130486714287,0.2952352172512363,0.5124047962426067
monomial_orthonormalized,12,24,True,0.009565477026626468,0.00021875114180147648,0.009784228168427944,2.7322645888287877e-11,7.989334332232825e-11,5.328119095413775e-12,1.4645259989623087e-07,2.365856905870606e-06,0.0011787037169814795,0.0037945379070209247,0.11242882125896575,0.1802414747019099,1.7407933343099153
shifted_legendre,12,24,True,0.0002819020301103592,0.0005462209228426218,0.000828122952952981,2.5482542583798165e-11,7.4389404314881e-11,5.741466451246322e-13,1.4645001139714533e-07,2.365857619370656e-06,0.0011787037718421222,0.0037945377411961255,0.11242882092323328,0.1802414757398386,1.7407933295720688
integrated_legendre,12,24,True,0.0007480110507458448,0.0008792590815573931,0.001627270132303238,1.1952768489822922e-11,1.9108834211152768e-11,2.149167321221834e-13,1.464495973816433e-07,2.3658580357763527e-06,0.0011787037747203306,0.0037945377374587522,0.11242882092899081,0.18024147573194083,1.7407933296458946
chebyshev,12,24,True,0.00022057420574128628,0.00047476496547460556,0.0006953391712158918,3.568199696137811e-11,1.0100151314493741e-10,4.829474048233122e-12,1.4644951910819855e-07,2.365857982040709e-06,0.0011787037748328141,0.0037945377387149206,0.11242882092790411,0.18024147573764596,1.7407933296416207
bspline_p3,11,22,True,0.0003065899945795536,0.0015389190521091223,0.0018455090466886759,1.7305078070826126e-06,7.161319081765776e-05,0.0006118679368347318,0.00265665726914793,0.008444451268003503,0.022265481199090435,0.05072082933865807,0.09717274167502357,0.13542913567522316,0.07502793094738303
monomial_raw,16,32,False,9.13604162633419e-06,0.0002615980338305235,0.0002707340754568577,nan,nan,nan,nan,nan,nan,nan,nan,nan,nan
monomial_orthonormalized,16,32,True,0.014189352979883552,0.00027663796208798885,0.01446599094197154,6.0348519971055e-11,1.659286990304745e-10,1.9782732771413542e-11,6.495824828823786e-14,4.421241221797692e-11,1.6534181047047447e-07,1.4671234465395107e-06,0.0004131016694612669,0.0012826714105337094,0.038548973520000876
shifted_legendre,16,32,True,0.00044863694347441196,0.0008060429245233536,0.0012546798679977655,4.0048039356108704e-11,1.2352386431384756e-10,2.3965425725867064e-11,5.497185092208635e-12,2.7410278411400557e-11,1.6480623940674476e-07,1.4777193513063587e-06,0.000413114790269909,0.0012824476483788054,0.038548985639219824
integrated_legendre,16,32,True,0.0011848730500787497,0.0012521359603852034,0.002437009010463953,2.041130926391966e-10,3.3926701053256884e-10,3.876027445082958e-12,1.4109130633947142e-12,2.5933185762388426e-11,1.6480340576737986e-07,1.4777234870385049e-06,0.0004131147852160664,0.00128244765290131,0.03854898561034677
chebyshev,16,32,True,0.0003317419905215502,0.0006912429817020893,0.0010229849722236395,8.360787980246641e-12,4.703572543370525e-11,3.0592124520095807e-11,7.07273371592009e-12,2.982091401591733e-11,1.648030759896811e-07,1.4777234078689185e-06,0.0004131147865590363,0.0012824476469144605,0.03854898561562799
bspline_p3,15,30,True,0.0003684938419610262,0.0026939990930259228,0.003062492934986949,4.487887076612541e-07,1.81224970129032e-05,0.0001488116204472767,0.0006112995693459008,0.0018208051006348468,0.004504121748366542,0.009875104972300588,0.01984885185991403,0.037159669087637605,0.06485685558216915
monomial_raw,20,40,False,1.0591931641101837e-05,0.00033121416345238686,0.0003418060950934887,nan,nan,nan,nan,nan,nan,nan,nan,nan,nan
monomial_orthonormalized,20,40,True,0.013996458146721125,0.0003622060175985098,0.014358664164319634,8.324142537036894e-10,3.911103671552769e-09,9.1741604596576e-09,2.4238010806691685e-08,4.500362858064575e-08,6.493406573493252e-08,1.2958363615061742e-07,4.3919956502713467e-07,4.006666352689158e-06,0.0001640849305311483
shifted_legendre,20,40,True,0.0006643161177635193,0.0011658489238470793,0.0018301650416105986,4.260531739143073e-10,1.228010501077218e-09,4.389593615021843e-11,1.4206941329645523e-11,8.974763203456355e-13,4.2030330961542195e-12,5.602645825316912e-11,1.1243038748399146e-07,7.550763247673655e-07,0.000150379316285743
integrated_legendre,20,40,True,0.0017164049204438925,0.0017158940900117159,0.0034322990104556084,5.668309913671496e-10,8.874287081521531e-10,1.1309745138980956e-10,4.603884737156689e-11,7.128989395041026e-12,1.9007929438152486e-12,6.07051632059546e-11,1.1242758067499378e-07,7.551057575063239e-07,0.00015037936628382797
chebyshev,20,40,True,0.0004963329993188381,0.0010361699387431145,0.0015325029380619526,2.1543951329954343e-10,6.607990934769538e-10,8.775340471414262e-11,1.6496657361261572e-11,2.04942278875761e-12,1.1233012049484841e-11,5.6588679479384784e-11,1.1242493703938959e-07,7.551086526555612e-07,0.0001503793401518168
bspline_p3,19,38,True,0.0005038690287619829,0.00471899495460093,0.005222863983362913,1.6395265452566473e-07,6.551489247230463e-06,5.2863671259343613e-05,0.00021175228381338515,0.0006110684094235222,0.0014570079064381962,0.0030700538668566963,0.005934923916734986,0.010764979768372861,0.018573039483450907
monomial_raw,24,48,False,2.0079780369997025e-05,0.0004411330446600914,0.0004612128250300884,nan,nan,nan,nan,nan,nan,nan,nan,nan,nan
monomial_orthonormalized,24,48,True,0.010437679942697287,0.000450588995590806,0.010888268938288093,1.2112267432943358e-06,1.8584121286835403e-05,3.753702923947638e-05,1.5092710622754497e-05,0.00047875362950128183,0.0493049123708421,0.46896192726792946,0.4319097049450061,0.38920944188494594,0.3530546969550988
shifted_legendre,24,48,True,0.0009144260548055172,0.0015567420050501823,0.0024711680598556995,1.1255204667861197e-09,3.0088436794559132e-09,6.555530175647785e-10,1.4465791238197945e-10,3.6608545460008946e-11,5.519368534270027e-12,2.741309688288219e-12,2.7075074116854198e-11,7.732638998821939e-11,6.25640870968953e-08
integrated_legendre,24,48,True,0.0023681609891355038,0.0022728180047124624,0.004640978993847966,7.232345993830122e-10,2.163216855947248e-09,1.2191975337728676e-09,1.6001195166702913e-10,2.1782061779364945e-12,2.2281217982642372e-12,2.160007420158717e-12,1.38831473710193e-11,6.782245676582882e-11,6.25004465811131e-08
chebyshev,24,48,True,0.0006576438900083303,0.0013102958910167217,0.001967939781025052,2.671901699786169e-09,8.039287516476735e-09,2.1969137194026418e-10,1.630837799409662e-11,7.569075205870143e-12,3.281990104560774e-11,5.865244480217107e-12,4.143735447314476e-12,6.361109124882117e-11,6.248277394230981e-08
bspline_p3,23,46,True,0.0005948280449956656,0.0071344198659062386,0.007729247910901904,7.334512061213181e-08,2.917313854100488e-06,2.3324407053099288e-05,9.218728158999673e-05,0.00026152082511759985,0.0006109193447957242,0.001257559394639257,0.002369884284910994,0.004185797865236556,0.00703576362132101
