family,solver,mode,e_lam_source,size_label,size,iterations,e_lam,p_correct,seconds_reported,seconds_per_attempt,accounting,E_T_success,factorization_ok,ensemble_seconds,seconds_per_attempt_min,seconds_per_attempt_max
classical,monomial_raw,1,p1_basis_study.csv,n_dof,4,,3.07844954072106e-06,1.0,0.0005124451126903296,0.0005124451126903296,single deterministic solve (numpy/CPU),0.0005124451126903296,True,,,
classical,monomial_raw,2,p1_basis_study.csv,n_dof,4,,0.011226494139421023,1.0,0.0005124451126903296,0.0005124451126903296,single deterministic solve (numpy/CPU),0.0005124451126903296,True,,,
classical,monomial_raw,3,p1_basis_study.csv,n_dof,4,,0.05418123558115043,0.0,0.0005124451126903296,0.0005124451126903296,single deterministic solve (numpy/CPU),inf,True,,,
classical,monomial_orthonormalized,1,p1_basis_study.csv,n_dof,4,,3.0784495463249976e-06,1.0,0.05891728517599404,0.05891728517599404,single deterministic solve (numpy/CPU),0.05891728517599404,True,,,
classical,monomial_orthonormalized,2,p1_basis_study.csv,n_dof,4,,0.011226494139389646,1.0,0.05891728517599404,0.05891728517599404,single deterministic solve (numpy/CPU),0.05891728517599404,True,,,
classical,monomial_orthonormalized,3,p1_basis_study.csv,n_dof,4,,0.054181235578252815,0.0,0.05891728517599404,0.05891728517599404,single deterministic solve (numpy/CPU),inf,True,,,
classical,shifted_legendre,1,p1_basis_study.csv,n_dof,4,,3.0784495539406056e-06,1.0,0.0002932779025286436,0.0002932779025286436,single deterministic solve (numpy/CPU),0.0002932779025286436,True,,,
classical,shifted_legendre,2,p1_basis_study.csv,n_dof,4,,0.011226494139411305,1.0,0.0002932779025286436,0.0002932779025286436,single deterministic solve (numpy/CPU),0.0002932779025286436,True,,,
classical,shifted_legendre,3,p1_basis_study.csv,n_dof,4,,0.054181235578244454,0.0,0.0002932779025286436,0.0002932779025286436,single deterministic solve (numpy/CPU),inf,True,,,
classical,integrated_legendre,1,p1_basis_study.csv,n_dof,4,,3.0784495710398008e-06,1.0,0.00047519709914922714,0.00047519709914922714,single deterministic solve (numpy/CPU),0.00047519709914922714,True,,,
classical,integrated_legendre,2,p1_basis_study.csv,n_dof,4,,0.01122649413940873,1.0,0.00047519709914922714,0.00047519709914922714,single deterministic solve (numpy/CPU),0.00047519709914922714,True,,,
classical,integrated_legendre,3,p1_basis_study.csv,n_dof,4,,0.054181235578252815,0.0,0.00047519709914922714,0.00047519709914922714,single deterministic solve (numpy/CPU),inf,True,,,
classical,chebyshev,1,p1_basis_study.csv,n_dof,4,,3.0784495450317816e-06,1.0,0.0002537262625992298,0.0002537262625992298,single deterministic solve (numpy/CPU),0.0002537262625992298,True,,,
classical,chebyshev,2,p1_basis_study.csv,n_dof,4,,0.011226494139400182,1.0,0.0002537262625992298,0.0002537262625992298,single deterministic solve (numpy/CPU),0.0002537262625992298,True,,,
classical,chebyshev,3,p1_basis_study.csv,n_dof,4,,0.05418123557817421,0.0,0.0002537262625992298,0.0002537262625992298,single deterministic solve (numpy/CPU),inf,True,,,
classical,bspline_p3,1,p1_basis_study.csv,n_dof,4,,0.0002278303780984305,1.0,0.0006257409695535898,0.0006257409695535898,single deterministic solve (numpy/CPU),0.0006257409695535898,True,,,
classical,bspline_p3,2,p1_basis_study.csv,n_dof,4,,0.012655976852096164,1.0,0.0006257409695535898,0.0006257409695535898,single deterministic solve (numpy/CPU),0.0006257409695535898,True,,,
classical,bspline_p3,3,p1_basis_study.csv,n_dof,4,,0.03169312241386315,1.0,0.0006257409695535898,0.0006257409695535898,single deterministic solve (numpy/CPU),0.0006257409695535898,True,,,
classical,monomial_raw,1,p1_basis_study.csv,n_dof,6,,1.6267987478431538e-10,1.0,0.00021031778305768967,0.00021031778305768967,single deterministic solve (numpy/CPU),0.00021031778305768967,True,,,
classical,monomial_raw,2,p1_basis_study.csv,n_dof,6,,2.7795395256687803e-05,1.0,0.00021031778305768967,0.00021031778305768967,single deterministic solve (numpy/CPU),0.00021031778305768967,True,,,
classical,monomial_raw,3,p1_basis_study.csv,n_dof,6,,0.0006185482600906775,1.0,0.00021031778305768967,0.00021031778305768967,single deterministic solve (numpy/CPU),0.00021031778305768967,True,,,
classical,monomial_orthonormalized,1,p1_basis_study.csv,n_dof,6,,1.6262584707523463e-10,1.0,0.07135804183781147,0.07135804183781147,single deterministic solve (numpy/CPU),0.07135804183781147,True,,,
classical,monomial_orthonormalized,2,p1_basis_study.csv,n_dof,6,,2.779539516033287e-05,1.0,0.07135804183781147,0.07135804183781147,single deterministic solve (numpy/CPU),0.07135804183781147,True,,,
classical,monomial_orthonormalized,3,p1_basis_study.csv,n_dof,6,,0.0006185482578626635,1.0,0.07135804183781147,0.07135804183781147,single deterministic solve (numpy/CPU),0.07135804183781147,True,,,
classical,shifted_legendre,1,p1_basis_study.csv,n_dof,6,,1.627948273568276e-10,1.0,0.00036111800000071526,0.00036111800000071526,single deterministic solve (numpy/CPU),0.00036111800000071526,True,,,
classical,shifted_legendre,2,p1_basis_study.csv,n_dof,6,,2.779539562583374e-05,1.0,0.00036111800000071526,0.00036111800000071526,single deterministic solve (numpy/CPU),0.00036111800000071526,True,,,
classical,shifted_legendre,3,p1_basis_study.csv,n_dof,6,,0.0006185482578171476,1.0,0.00036111800000071526,0.00036111800000071526,single deterministic solve (numpy/CPU),0.00036111800000071526,True,,,
classical,integrated_legendre,1,p1_basis_study.csv,n_dof,6,,1.623929244251817e-10,1.0,0.0006572280544787645,0.0006572280544787645,single deterministic solve (numpy/CPU),0.0006572280544787645,True,,,
classical,integrated_legendre,2,p1_basis_study.csv,n_dof,6,,2.7795394823851605e-05,1.0,0.0006572280544787645,0.0006572280544787645,single deterministic solve (numpy/CPU),0.0006572280544787645,True,,,
classical,integrated_legendre,3,p1_basis_study.csv,n_dof,6,,0.0006185482578319612,1.0,0.0006572280544787645,0.0006572280544787645,single deterministic solve (numpy/CPU),0.0006572280544787645,True,,,
classical,chebyshev,1,p1_basis_study.csv,n_dof,6,,1.6264524532184607e-10,1.0,0.000382845988497138,0.000382845988497138,single deterministic solve (numpy/CPU),0.000382845988497138,True,,,
classical,chebyshev,2,p1_basis_study.csv,n_dof,6,,2.7795395144761537e-05,1.0,0.000382845988497138,0.000382845988497138,single deterministic solve (numpy/CPU),0.000382845988497138,True,,,
classical,chebyshev,3,p1_basis_study.csv,n_dof,6,,0.0006185482576926655,1.0,0.000382845988497138,0.000382845988497138,single deterministic solve (numpy/CPU),0.000382845988497138,True,,,
classical,bspline_p3,1,p1_basis_study.csv,n_dof,5,,7.00597014511703e-05,1.0,0.0006427639164030552,0.0006427639164030552,single deterministic solve (numpy/CPU),0.0006427639164030552,True,,,
classical,bspline_p3,2,p1_basis_study.csv,n_dof,5,,0.003529194115143614,1.0,0.0006427639164030552,0.0006427639164030552,single deterministic solve (numpy/CPU),0.0006427639164030552,True,,,
classical,bspline_p3,3,p1_basis_study.csv,n_dof,5,,0.035991656480479355,1.0,0.0006427639164030552,0.0006427639164030552,single deterministic solve (numpy/CPU),0.0006427639164030552,True,,,
classical,monomial_raw,1,p1_basis_study.csv,n_dof,8,,2.0096583489452704e-12,1.0,0.00017342297360301018,0.00017342297360301018,single deterministic solve (numpy/CPU),0.00017342297360301018,True,,,
classical,monomial_raw,2,p1_basis_study.csv,n_dof,8,,1.8444835969957652e-08,1.0,0.00017342297360301018,0.00017342297360301018,single deterministic solve (numpy/CPU),0.00017342297360301018,True,,,
classical,monomial_raw,3,p1_basis_study.csv,n_dof,8,,2.207067811159684e-06,1.0,0.00017342297360301018,0.00017342297360301018,single deterministic solve (numpy/CPU),0.00017342297360301018,True,,,
classical,monomial_orthonormalized,1,p1_basis_study.csv,n_dof,8,,8.76944437552766e-13,1.0,0.06259756674990058,0.06259756674990058,single deterministic solve (numpy/CPU),0.06259756674990058,True,,,
classical,monomial_orthonormalized,2,p1_basis_study.csv,n_dof,8,,1.843661793607729e-08,1.0,0.06259756674990058,0.06259756674990058,single deterministic solve (numpy/CPU),0.06259756674990058,True,,,
classical,monomial_orthonormalized,3,p1_basis_study.csv,n_dof,8,,2.2071561456399875e-06,1.0,0.06259756674990058,0.06259756674990058,single deterministic solve (numpy/CPU),0.06259756674990058,True,,,
classical,shifted_legendre,1,p1_basis_study.csv,n_dof,8,,8.318255528417111e-13,1.0,0.0024860810954123735,0.0024860810954123735,single deterministic solve (numpy/CPU),0.0024860810954123735,True,,,
classical,shifted_legendre,2,p1_basis_study.csv,n_dof,8,,1.844147654288995e-08,1.0,0.0024860810954123735,0.0024860810954123735,single deterministic solve (numpy/CPU),0.0024860810954123735,True,,,
classical,shifted_legendre,3,p1_basis_study.csv,n_dof,8,,2.20715605126299e-06,1.0,0.0024860810954123735,0.0024860810954123735,single deterministic solve (numpy/CPU),0.0024860810954123735,True,,,
classical,integrated_legendre,1,p1_basis_study.csv,n_dof,8,,1.232722649478155e-12,1.0,0.000924362801015377,0.000924362801015377,single deterministic solve (numpy/CPU),0.000924362801015377,True,,,
classical,integrated_legendre,2,p1_basis_study.csv,n_dof,8,,1.8440818683382967e-08,1.0,0.000924362801015377,0.000924362801015377,single deterministic solve (numpy/CPU),0.000924362801015377,True,,,
classical,integrated_legendre,3,p1_basis_study.csv,n_dof,8,,2.2071555974171506e-06,1.0,0.000924362801015377,0.000924362801015377,single deterministic solve (numpy/CPU),0.000924362801015377,True,,,
classical,chebyshev,1,p1_basis_study.csv,n_dof,8,,7.72912359429187e-13,1.0,0.0004583492409437895,0.0004583492409437895,single deterministic solve (numpy/CPU),0.0004583492409437895,True,,,
classical,chebyshev,2,p1_basis_study.csv,n_dof,8,,1.84414003253176e-08,1.0,0.0004583492409437895,0.0004583492409437895,single deterministic solve (numpy/CPU),0.0004583492409437895,True,,,
classical,chebyshev,3,p1_basis_study.csv,n_dof,8,,2.20715607276661e-06,1.0,0.0004583492409437895,0.0004583492409437895,single deterministic solve (numpy/CPU),0.0004583492409437895,True,,,
classical,bspline_p3,1,p1_basis_study.csv,n_dof,7,,1.3525874962634655e-05,1.0,0.0008986510802060366,0.0008986510802060366,single deterministic solve (numpy/CPU),0.0008986510802060366,True,,,
classical,bspline_p3,2,p1_basis_study.csv,n_dof,7,,0.0006052175331229153,1.0,0.0008986510802060366,0.0008986510802060366,single deterministic solve (numpy/CPU),0.0008986510802060366,True,,,
classical,bspline_p3,3,p1_basis_study.csv,n_dof,7,,0.00581518061937795,1.0,0.0008986510802060366,0.0008986510802060366,single deterministic solve (numpy/CPU),0.0008986510802060366,True,,,
classical,monomial_raw,1,p1_basis_study.csv,n_dof,10,,1.0489422241742082e-13,1.0,0.0001931029837578535,0.0001931029837578535,single deterministic solve (numpy/CPU),0.0001931029837578535,True,,,
classical,monomial_raw,2,p1_basis_study.csv,n_dof,10,,3.682327320461825e-12,1.0,0.0001931029837578535,0.0001931029837578535,single deterministic solve (numpy/CPU),0.0001931029837578535,True,,,
classical,monomial_raw,3,p1_basis_study.csv,n_dof,10,,3.0822467710038412e-09,1.0,0.0001931029837578535,0.0001931029837578535,single deterministic solve (numpy/CPU),0.0001931029837578535,True,,,
classical,monomial_orthonormalized,1,p1_basis_study.csv,n_dof,10,,2.119581746410102e-12,1.0,0.052547371946275234,0.052547371946275234,single deterministic solve (numpy/CPU),0.052547371946275234,True,,,
classical,monomial_orthonormalized,2,p1_basis_study.csv,n_dof,10,,1.9614024418064657e-12,1.0,0.052547371946275234,0.052547371946275234,single deterministic solve (numpy/CPU),0.052547371946275234,True,,,
classical,monomial_orthonormalized,3,p1_basis_study.csv,n_dof,10,,3.1334465310387104e-09,1.0,0.052547371946275234,0.052547371946275234,single deterministic solve (numpy/CPU),0.052547371946275234,True,,,
classical,shifted_legendre,1,p1_basis_study.csv,n_dof,10,,3.7876872642783736e-13,1.0,0.0006386039312928915,0.0006386039312928915,single deterministic solve (numpy/CPU),0.0006386039312928915,True,,,
classical,shifted_legendre,2,p1_basis_study.csv,n_dof,10,,3.6268324981961857e-12,1.0,0.0006386039312928915,0.0006386039312928915,single deterministic solve (numpy/CPU),0.0006386039312928915,True,,,
classical,shifted_legendre,3,p1_basis_study.csv,n_dof,10,,3.1334952725766236e-09,1.0,0.0006386039312928915,0.0006386039312928915,single deterministic solve (numpy/CPU),0.0006386039312928915,True,,,
classical,integrated_legendre,1,p1_basis_study.csv,n_dof,10,,4.49895630669787e-12,1.0,0.0012463291641324759,0.0012463291641324759,single deterministic solve (numpy/CPU),0.0012463291641324759,True,,,
classical,integrated_legendre,2,p1_basis_study.csv,n_dof,10,,2.9951983924511916e-12,1.0,0.0012463291641324759,0.0012463291641324759,single deterministic solve (numpy/CPU),0.0012463291641324759,True,,,
classical,integrated_legendre,3,p1_basis_study.csv,n_dof,10,,3.1328403678931916e-09,1.0,0.0012463291641324759,0.0012463291641324759,single deterministic solve (numpy/CPU),0.0012463291641324759,True,,,
classical,chebyshev,1,p1_basis_study.csv,n_dof,10,,2.4035146005153395e-12,1.0,0.0005505876615643501,0.0005505876615643501,single deterministic solve (numpy/CPU),0.0005505876615643501,True,,,
classical,chebyshev,2,p1_basis_study.csv,n_dof,10,,3.4905540738982853e-12,1.0,0.0005505876615643501,0.0005505876615643501,single deterministic solve (numpy/CPU),0.0005505876615643501,True,,,
classical,chebyshev,3,p1_basis_study.csv,n_dof,10,,3.131401656272876e-09,1.0,0.0005505876615643501,0.0005505876615643501,single deterministic solve (numpy/CPU),0.0005505876615643501,True,,,
classical,bspline_p3,1,p1_basis_study.csv,n_dof,9,,4.242673176484067e-06,1.0,0.00131480791606009,0.00131480791606009,single deterministic solve (numpy/CPU),0.00131480791606009,True,,,
classical,bspline_p3,2,p1_basis_study.csv,n_dof,9,,0.0001802519150456209,1.0,0.00131480791606009,0.00131480791606009,single deterministic solve (numpy/CPU),0.00131480791606009,True,,,
classical,bspline_p3,3,p1_basis_study.csv,n_dof,9,,0.0016053975825425287,1.0,0.00131480791606009,0.00131480791606009,single deterministic solve (numpy/CPU),0.00131480791606009,True,,,
classical,monomial_raw,1,p1_basis_study.csv,n_dof,12,,1.2931877026195943e-11,1.0,0.0002189110964536667,0.0002189110964536667,single deterministic solve (numpy/CPU),0.0002189110964536667,True,,,
classical,monomial_raw,2,p1_basis_study.csv,n_dof,12,,3.77560311138806e-11,1.0,0.0002189110964536667,0.0002189110964536667,single deterministic solve (numpy/CPU),0.0002189110964536667,True,,,
classical,monomial_raw,3,p1_basis_study.csv,n_dof,12,,1.1648869167594209e-11,1.0,0.0002189110964536667,0.0002189110964536667,single deterministic solve (numpy/CPU),0.0002189110964536667,True,,,
classical,monomial_orthonormalized,1,p1_basis_study.csv,n_dof,12,,2.7322645888287877e-11,1.0,0.009784228168427944,0.009784228168427944,single deterministic solve (numpy/CPU),0.009784228168427944,True,,,
classical,monomial_orthonormalized,2,p1_basis_study.csv,n_dof,12,,7.989334332232825e-11,1.0,0.009784228168427944,0.009784228168427944,single deterministic solve (numpy/CPU),0.009784228168427944,True,,,
classical,monomial_orthonormalized,3,p1_basis_study.csv,n_dof,12,,5.328119095413775e-12,1.0,0.009784228168427944,0.009784228168427944,single deterministic solve (numpy/CPU),0.009784228168427944,True,,,
classical,shifted_legendre,1,p1_basis_study.csv,n_dof,12,,2.5482542583798165e-11,1.0,0.000828122952952981,0.000828122952952981,single deterministic solve (numpy/CPU),0.000828122952952981,True,,,
classical,shifted_legendre,2,p1_basis_study.csv,n_dof,12,,7.4389404314881e-11,1.0,0.000828122952952981,0.000828122952952981,single deterministic solve (numpy/CPU),0.000828122952952981,True,,,
classical,shifted_legendre,3,p1_basis_study.csv,n_dof,12,,5.741466451246322e-13,1.0,0.000828122952952981,0.000828122952952981,single deterministic solve (numpy/CPU),0.000828122952952981,True,,,
classical,integrated_legendre,1,p1_basis_study.csv,n_dof,12,,1.1952768489822922e-11,1.0,0.001627270132303238,0.001627270132303238,single deterministic solve (numpy/CPU),0.001627270132303238,True,,,
classical,integrated_legendre,2,p1_basis_study.csv,n_dof,12,,1.9108834211152768e-11,1.0,0.001627270132303238,0.001627270132303238,single deterministic solve (numpy/CPU),0.001627270132303238,True,,,
classical,integrated_legendre,3,p1_basis_study.csv,n_dof,12,,2.149167321221834e-13,1.0,0.001627270132303238,0.001627270132303238,single deterministic solve (numpy/CPU),0.001627270132303238,True,,,
classical,chebyshev,1,p1_basis_study.csv,n_dof,12,,3.568199696137811e-11,1.0,0.0006953391712158918,0.0006953391712158918,single deterministic solve (numpy/CPU),0.0006953391712158918,True,,,
classical,chebyshev,2,p1_basis_study.csv,n_dof,12,,1.0100151314493741e-10,1.0,0.0006953391712158918,0.0006953391712158918,single deterministic solve (numpy/CPU),0.0006953391712158918,True,,,
classical,chebyshev,3,p1_basis_study.csv,n_dof,12,,4.829474048233122e-12,1.0,0.0006953391712158918,0.0006953391712158918,single deterministic solve (numpy/CPU),0.0006953391712158918,True,,,
classical,bspline_p3,1,p1_basis_study.csv,n_dof,11,,1.7305078070826126e-06,1.0,0.0018455090466886759,0.0018455090466886759,single deterministic solve (numpy/CPU),0.0018455090466886759,True,,,
classical,bspline_p3,2,p1_basis_study.csv,n_dof,11,,7.161319081765776e-05,1.0,0.0018455090466886759,0.0018455090466886759,single deterministic solve (numpy/CPU),0.0018455090466886759,True,,,
classical,bspline_p3,3,p1_basis_study.csv,n_dof,11,,0.0006118679368347318,1.0,0.0018455090466886759,0.0018455090466886759,single deterministic solve (numpy/CPU),0.0018455090466886759,True,,,
classical,monomial_raw,1,p1_basis_study.csv,n_dof,16,,nan,0.0,0.0002707340754568577,0.0002707340754568577,single deterministic solve (numpy/CPU),inf,False,,,
classical,monomial_raw,2,p1_basis_study.csv,n_dof,16,,nan,0.0,0.0002707340754568577,0.0002707340754568577,single deterministic solve (numpy/CPU),inf,False,,,
classical,monomial_raw,3,p1_basis_study.csv,n_dof,16,,nan,0.0,0.0002707340754568577,0.0002707340754568577,single deterministic solve (numpy/CPU),inf,False,,,
classical,monomial_orthonormalized,1,p1_basis_study.csv,n_dof,16,,6.0348519971055e-11,1.0,0.01446599094197154,0.01446599094197154,single deterministic solve (numpy/CPU),0.01446599094197154,True,,,
classical,monomial_orthonormalized,2,p1_basis_study.csv,n_dof,16,,1.659286990304745e-10,1.0,0.01446599094197154,0.01446599094197154,single deterministic solve (numpy/CPU),0.01446599094197154,True,,,
classical,monomial_orthonormalized,3,p1_basis_study.csv,n_dof,16,,1.9782732771413542e-11,1.0,0.01446599094197154,0.01446599094197154,single deterministic solve (numpy/CPU),0.01446599094197154,True,,,
classical,shifted_legendre,1,p1_basis_study.csv,n_dof,16,,4.0048039356108704e-11,1.0,0.0012546798679977655,0.0012546798679977655,single deterministic solve (numpy/CPU),0.0012546798679977655,True,,,
classical,shifted_legendre,2,p1_basis_study.csv,n_dof,16,,1.2352386431384756e-10,1.0,0.0012546798679977655,0.0012546798679977655,single deterministic solve (numpy/CPU),0.0012546798679977655,True,,,
classical,shifted_legendre,3,p1_basis_study.csv,n_dof,16,,2.3965425725867064e-11,1.0,0.0012546798679977655,0.0012546798679977655,single deterministic solve (numpy/CPU),0.0012546798679977655,True,,,
classical,integrated_legendre,1,p1_basis_study.csv,n_dof,16,,2.041130926391966e-10,1.0,0.002437009010463953,0.002437009010463953,single deterministic solve (numpy/CPU),0.002437009010463953,True,,,
classical,integrated_legendre,2,p1_basis_study.csv,n_dof,16,,3.3926701053256884e-10,1.0,0.002437009010463953,0.002437009010463953,single deterministic solve (numpy/CPU),0.002437009010463953,True,,,
classical,integrated_legendre,3,p1_basis_study.csv,n_dof,16,,3.876027445082958e-12,1.0,0.002437009010463953,0.002437009010463953,single deterministic solve (numpy/CPU),0.002437009010463953,True,,,
classical,chebyshev,1,p1_basis_study.csv,n_dof,16,,8.360787980246641e-12,1.0,0.0010229849722236395,0.0010229849722236395,single deterministic solve (numpy/CPU),0.0010229849722236395,True,,,
classical,chebyshev,2,p1_basis_study.csv,n_dof,16,,4.703572543370525e-11,1.0,0.0010229849722236395,0.0010229849722236395,single deterministic solve (numpy/CPU),0.0010229849722236395,True,,,
classical,chebyshev,3,p1_basis_study.csv,n_dof,16,,3.0592124520095807e-11,1.0,0.0010229849722236395,0.0010229849722236395,single deterministic solve (numpy/CPU),0.0010229849722236395,True,,,
classical,bspline_p3,1,p1_basis_study.csv,n_dof,15,,4.487887076612541e-07,1.0,0.003062492934986949,0.003062492934986949,single deterministic solve (numpy/CPU),0.003062492934986949,True,,,
classical,bspline_p3,2,p1_basis_study.csv,n_dof,15,,1.81224970129032e-05,1.0,0.003062492934986949,0.003062492934986949,single deterministic solve (numpy/CPU),0.003062492934986949,True,,,
classical,bspline_p3,3,p1_basis_study.csv,n_dof,15,,0.0001488116204472767,1.0,0.003062492934986949,0.003062492934986949,single deterministic solve (numpy/CPU),0.003062492934986949,True,,,
classical,monomial_raw,1,p1_basis_study.csv,n_dof,20,,nan,0.0,0.0003418060950934887,0.0003418060950934887,single deterministic solve (numpy/CPU),inf,False,,,
classical,monomial_raw,2,p1_basis_study.csv,n_dof,20,,nan,0.0,0.0003418060950934887,0.0003418060950934887,single deterministic solve (numpy/CPU),inf,False,,,
classical,monomial_raw,3,p1_basis_study.csv,n_dof,20,,nan,0.0,0.0003418060950934887,0.0003418060950934887,single deterministic solve (numpy/CPU),inf,False,,,
classical,monomial_orthonormalized,1,p1_basis_study.csv,n_dof,20,,8.324142537036894e-10,1.0,0.014358664164319634,0.014358664164319634,single deterministic solve (numpy/CPU),0.014358664164319634,True,,,
classical,monomial_orthonormalized,2,p1_basis_study.csv,n_dof,20,,3.911103671552769e-09,1.0,0.014358664164319634,0.014358664164319634,single deterministic solve (numpy/CPU),0.014358664164319634,True,,,
classical,monomial_orthonormalized,3,p1_basis_study.csv,n_dof,20,,9.1741604596576e-09,1.0,0.014358664164319634,0.014358664164319634,single deterministic solve (numpy/CPU),0.014358664164319634,True,,,
classical,shifted_legendre,1,p1_basis_study.csv,n_dof,20,,4.260531739143073e-10,1.0,0.0018301650416105986,0.0018301650416105986,single deterministic solve (numpy/CPU),0.0018301650416105986,True,,,
classical,shifted_legendre,2,p1_basis_study.csv,n_dof,20,,1.228010501077218e-09,1.0,0.0018301650416105986,0.0018301650416105986,single deterministic solve (numpy/CPU),0.0018301650416105986,True,,,
classical,shifted_legendre,3,p1_basis_study.csv,n_dof,20,,4.389593615021843e-11,1.0,0.0018301650416105986,0.0018301650416105986,single deterministic solve (numpy/CPU),0.0018301650416105986,True,,,
classical,integrated_legendre,1,p1_basis_study.csv,n_dof,20,,5.668309913671496e-10,1.0,0.0034322990104556084,0.0034322990104556084,single deterministic solve (numpy/CPU),0.0034322990104556084,True,,,
classical,integrated_legendre,2,p1_basis_study.csv,n_dof,20,,8.874287081521531e-10,1.0,0.0034322990104556084,0.0034322990104556084,single deterministic solve (numpy/CPU),0.0034322990104556084,True,,,
classical,integrated_legendre,3,p1_basis_study.csv,n_dof,20,,1.1309745138980956e-10,1.0,0.0034322990104556084,0.0034322990104556084,single deterministic solve (numpy/CPU),0.0034322990104556084,True,,,
classical,chebyshev,1,p1_basis_study.csv,n_dof,20,,2.1543951329954343e-10,1.0,0.0015325029380619526,0.0015325029380619526,single deterministic solve (numpy/CPU),0.0015325029380619526,True,,,
classical,chebyshev,2,p1_basis_study.csv,n_dof,20,,6.607990934769538e-10,1.0,0.0015325029380619526,0.0015325029380619526,single deterministic solve (numpy/CPU),0.0015325029380619526,True,,,
classical,chebyshev,3,p1_basis_study.csv,n_dof,20,,8.775340471414262e-11,1.0,0.0015325029380619526,0.0015325029380619526,single deterministic solve (numpy/CPU),0.0015325029380619526,True,,,
classical,bspline_p3,1,p1_basis_study.csv,n_dof,19,,1.6395265452566473e-07,1.0,0.005222863983362913,0.005222863983362913,single deterministic solve (numpy/CPU),0.005222863983362913,True,,,
classical,bspline_p3,2,p1_basis_study.csv,n_dof,19,,6.551489247230463e-06,1.0,0.005222863983362913,0.005222863983362913,single deterministic solve (numpy/CPU),0.005222863983362913,True,,,
classical,bspline_p3,3,p1_basis_study.csv,n_dof,19,,5.2863671259343613e-05,1.0,0.005222863983362913,0.005222863983362913,single deterministic solve (numpy/CPU),0.005222863983362913,True,,,
classical,monomial_raw,1,p1_basis_study.csv,n_dof,24,,nan,0.0,0.0004612128250300884,0.0004612128250300884,single deterministic solve (numpy/CPU),inf,False,,,
classical,monomial_raw,2,p1_basis_study.csv,n_dof,24,,nan,0.0,0.0004612128250300884,0.0004612128250300884,single deterministic solve (numpy/CPU),inf,False,,,
classical,monomial_raw,3,p1_basis_study.csv,n_dof,24,,nan,0.0,0.0004612128250300884,0.0004612128250300884,single deterministic solve (numpy/CPU),inf,False,,,
classical,monomial_orthonormalized,1,p1_basis_study.csv,n_dof,24,,1.2112267432943358e-06,1.0,0.010888268938288093,0.010888268938288093,single deterministic solve (numpy/CPU),0.010888268938288093,True,,,
classical,monomial_orthonormalized,2,p1_basis_study.csv,n_dof,24,,1.8584121286835403e-05,1.0,0.010888268938288093,0.010888268938288093,single deterministic solve (numpy/CPU),0.010888268938288093,True,,,
classical,monomial_orthonormalized,3,p1_basis_study.csv,n_dof,24,,3.753702923947638e-05,1.0,0.010888268938288093,0.010888268938288093,single deterministic solve (numpy/CPU),0.010888268938288093,True,,,
classical,shifted_legendre,1,p1_basis_study.csv,n_dof,24,,1.1255204667861197e-09,1.0,0.0024711680598556995,0.0024711680598556995,single deterministic solve (numpy/CPU),0.0024711680598556995,True,,,
classical,shifted_legendre,2,p1_basis_study.csv,n_dof,24,,3.0088436794559132e-09,1.0,0.0024711680598556995,0.0024711680598556995,single deterministic solve (numpy/CPU),0.0024711680598556995,True,,,
classical,shifted_legendre,3,p1_basis_study.csv,n_dof,24,,6.555530175647785e-10,1.0,0.0024711680598556995,0.0024711680598556995,single deterministic solve (numpy/CPU),0.0024711680598556995,True,,,
classical,integrated_legendre,1,p1_basis_study.csv,n_dof,24,,7.232345993830122e-10,1.0,0.004640978993847966,0.004640978993847966,single deterministic solve (numpy/CPU),0.004640978993847966,True,,,
classical,integrated_legendre,2,p1_basis_study.csv,n_dof,24,,2.163216855947248e-09,1.0,0.004640978993847966,0.004640978993847966,single deterministic solve (numpy/CPU),0.004640978993847966,True,,,
classical,integrated_legendre,3,p1_basis_study.csv,n_dof,24,,1.2191975337728676e-09,1.0,0.004640978993847966,0.004640978993847966,single deterministic solve (numpy/CPU),0.004640978993847966,True,,,
classical,chebyshev,1,p1_basis_study.csv,n_dof,24,,2.671901699786169e-09,1.0,0.001967939781025052,0.001967939781025052,single deterministic solve (numpy/CPU),0.001967939781025052,True,,,
classical,chebyshev,2,p1_basis_study.csv,n_dof,24,,8.039287516476735e-09,1.0,0.001967939781025052,0.001967939781025052,single deterministic solve (numpy/CPU),0.001967939781025052,True,,,
classical,chebyshev,3,p1_basis_study.csv,n_dof,24,,2.1969137194026418e-10,1.0,0.001967939781025052,0.001967939781025052,single deterministic solve (numpy/CPU),0.001967939781025052,True,,,
classical,bspline_p3,1,p1_basis_study.csv,n_dof,23,,7.334512061213181e-08,1.0,0.007729247910901904,0.007729247910901904,single deterministic solve (numpy/CPU),0.007729247910901904,True,,,
classical,bspline_p3,2,p1_basis_study.csv,n_dof,23,,2.917313854100488e-06,1.0,0.007729247910901904,0.007729247910901904,single deterministic solve (numpy/CPU),0.007729247910901904,True,,,
classical,bspline_p3,3,p1_basis_study.csv,n_dof,23,,2.3324407053099288e-05,1.0,0.007729247910901904,0.007729247910901904,single deterministic solve (numpy/CPU),0.007729247910901904,True,,,
neural_gradient,a_prime_projection_diagonal,1,records.jsonl (median over correct seeds),MLP width x depth,64x4,4000,6.888926011683084e-06,1.0,,40.229763705981895,"measured directly at n_seeds = 1 (GB10 GPU, shared)",40.229763705981895,True,100.43301705701742,39.26835126010701,43.81383442715742
neural_gradient,a_prime_projection_diagonal,2,records.jsonl (median over correct seeds),MLP width x depth,64x4,4000,1.5578891879491043e-05,1.0,,75.18481463799253,"measured directly at n_seeds = 1 (GB10 GPU, shared)",75.18481463799253,True,161.91379802802112,74.70160853001289,76.33093653107062
neural_gradient,a_prime_projection_diagonal,3,records.jsonl (median over correct seeds),MLP width x depth,64x4,4000,nan,0.0,,118.2661163629964,"measured directly at n_seeds = 1 (GB10 GPU, shared)",inf,True,223.06691458902787,108.42910863202997,118.30577705497853
neural_gradient,b_projection_exact,1,records.jsonl (median over correct seeds),MLP width x depth,64x4,4000,6.888926011683084e-06,1.0,,40.33271486591548,"measured directly at n_seeds = 1 (GB10 GPU, shared)",40.33271486591548,True,99.97754498105496,35.2993597520981,44.70162019599229
neural_gradient,b_projection_exact,2,records.jsonl (median over correct seeds),MLP width x depth,64x4,4000,1.5578891879491043e-05,1.0,,77.02620036900043,"measured directly at n_seeds = 1 (GB10 GPU, shared)",77.02620036900043,True,165.54052110295743,75.16075883293524,99.16630550194532
neural_gradient,b_projection_exact,3,records.jsonl (median over correct seeds),MLP width x depth,64x4,4000,3.778181819077156e-05,1.0,,127.01823012600653,"measured directly at n_seeds = 1 (GB10 GPU, shared)",127.01823012600653,True,228.49044850096107,103.49465463496745,139.51297580613755
neural_gradient,c_curriculum(stage1=0.5),1,records.jsonl (median over correct seeds),MLP width x depth,64x4,4000,1.242621295080287e-05,1.0,,37.535870822146535,"measured directly at n_seeds = 1 (GB10 GPU, shared)",37.535870822146535,True,100.20515269506723,28.404137970181182,42.94780041789636
neural_gradient,c_curriculum(stage1=0.5),2,records.jsonl (median over correct seeds),MLP width x depth,64x4,4000,2.269452621293385e-05,1.0,,86.15111762401648,"measured directly at n_seeds = 1 (GB10 GPU, shared)",86.15111762401648,True,166.74475291499402,81.39969092793763,93.40816537081264
neural_gradient,c_curriculum(stage1=0.5),3,records.jsonl (median over correct seeds),MLP width x depth,64x4,4000,2.1474176242479125e-05,1.0,,123.04701621388085,"measured directly at n_seeds = 1 (GB10 GPU, shared)",123.04701621388085,True,230.19304558006115,119.42534160707146,130.07674276316538
neural_gradient,d_neural_basis_galerkin(M=9),1,records.jsonl (median over correct seeds),MLP width x depth,64x4,4000,7.118407418872446e-05,0.96,,36.28245244384743,"measured directly at n_seeds = 1 (GB10 GPU, shared)",37.79422129567441,True,924.4082339130109,27.26078342809342,38.91728300298564
neural_gradient,d_neural_basis_galerkin(M=9),2,records.jsonl (median over correct seeds),MLP width x depth,64x4,4000,0.004217664144824149,0.82,,36.28245244384743,"measured directly at n_seeds = 1 (GB10 GPU, shared)",44.246893224204186,True,924.4082339130109,27.26078342809342,38.91728300298564
neural_gradient,d_neural_basis_galerkin(M=9),3,records.jsonl (median over correct seeds),MLP width x depth,64x4,4000,0.024499176915247518,0.22,,36.28245244384743,"measured directly at n_seeds = 1 (GB10 GPU, shared)",164.9202383811247,True,924.4082339130109,27.26078342809342,38.91728300298564
neural_gradient,e_simultaneous_subspace,1,records.jsonl (median over correct seeds),MLP width x depth,64x4,4000,0.01483762013652901,0.2,,93.17520887893625,"measured directly at n_seeds = 1 (GB10 GPU, shared)",465.87604439468123,True,649.0604948110413,88.80063884099945,109.81113684200682
neural_gradient,e_simultaneous_subspace,2,records.jsonl (median over correct seeds),MLP width x depth,64x4,4000,0.013074448764290923,0.58,,93.17520887893625,"measured directly at n_seeds = 1 (GB10 GPU, shared)",160.64691186023492,True,649.0604948110413,88.80063884099945,109.81113684200682
neural_gradient,e_simultaneous_subspace,3,records.jsonl (median over correct seeds),MLP width x depth,64x4,4000,0.00105046406649845,0.44,,93.17520887893625,"measured directly at n_seeds = 1 (GB10 GPU, shared)",211.76183836121874,True,649.0604948110413,88.80063884099945,109.81113684200682
neural_randfeat,f_eig_pielm(nf=20),1,mode_sweep.csv,random features,20,,3.0481609971869926e-08,1.0,,0.013200869550928473,"single deterministic solve (numpy/CPU, no backprop)",0.013200869550928473,True,0.013200869550928473,,
neural_randfeat,f_eig_pielm(nf=20),2,mode_sweep.csv,random features,20,,1.1308725148624215e-06,1.0,,0.013200869550928473,"single deterministic solve (numpy/CPU, no backprop)",0.013200869550928473,True,0.013200869550928473,,
neural_randfeat,f_eig_pielm(nf=20),3,mode_sweep.csv,random features,20,,3.14900466292916e-05,1.0,,0.013200869550928473,"single deterministic solve (numpy/CPU, no backprop)",0.013200869550928473,True,0.013200869550928473,,
neural_randfeat,f_eig_pielm(nf=40),1,mode_sweep.csv,random features,40,,1.4073417714559516e-08,1.0,,0.013697063084691763,"single deterministic solve (numpy/CPU, no backprop)",0.013697063084691763,True,0.013697063084691763,,
neural_randfeat,f_eig_pielm(nf=40),2,mode_sweep.csv,random features,40,,2.8917333207257193e-07,1.0,,0.013697063084691763,"single deterministic solve (numpy/CPU, no backprop)",0.013697063084691763,True,0.013697063084691763,,
neural_randfeat,f_eig_pielm(nf=40),3,mode_sweep.csv,random features,40,,3.0691635973230518e-06,1.0,,0.013697063084691763,"single deterministic solve (numpy/CPU, no backprop)",0.013697063084691763,True,0.013697063084691763,,
neural_randfeat,f_eig_pielm(nf=80),1,mode_sweep.csv,random features,80,,1.2245228956829264e-08,1.0,,0.01381837553344667,"single deterministic solve (numpy/CPU, no backprop)",0.01381837553344667,True,0.01381837553344667,,
neural_randfeat,f_eig_pielm(nf=80),2,mode_sweep.csv,random features,80,,7.66024716779432e-08,1.0,,0.01381837553344667,"single deterministic solve (numpy/CPU, no backprop)",0.01381837553344667,True,0.01381837553344667,,
neural_randfeat,f_eig_pielm(nf=80),3,mode_sweep.csv,random features,80,,2.544822255838768e-06,1.0,,0.01381837553344667,"single deterministic solve (numpy/CPU, no backprop)",0.01381837553344667,True,0.01381837553344667,,
neural_randfeat,f_eig_pielm(nf=160),1,mode_sweep.csv,random features,160,,1.4651706747282539e-08,1.0,,0.017482117982581258,"single deterministic solve (numpy/CPU, no backprop)",0.017482117982581258,True,0.017482117982581258,,
neural_randfeat,f_eig_pielm(nf=160),2,mode_sweep.csv,random features,160,,4.0360811021458504e-08,1.0,,0.017482117982581258,"single deterministic solve (numpy/CPU, no backprop)",0.017482117982581258,True,0.017482117982581258,,
neural_randfeat,f_eig_pielm(nf=160),3,mode_sweep.csv,random features,160,,2.5018740454926165e-06,1.0,,0.017482117982581258,"single deterministic solve (numpy/CPU, no backprop)",0.017482117982581258,True,0.017482117982581258,,
