m,basis,n_dof,kappa_M_raw,kappa_K_raw,kappa_M_massnorm,kappa_K_massnorm,kappa_K_equilibrated,cholesky_ok,kappa_A_transformed,Lam_fp64,backward_error,Lam_highprec,highprec_path,Lam_absdiff_rel
0,monomial_raw,6,1867911832.6897235,10708437.921881428,1501329183.179512,12847202.39513573,10284148.164586918,True,111020.00997400963,92.87177680205299,4.0385698864770704e-16,92.8717768020584,cholesky,5.829904232403961e-14
0,monomial_orthonormalized,6,1.8641737665354592,108025.10305858447,1.82126106490205,132804.2750736803,76.24560580728689,True,111020.00861634336,92.8717768020794,2.5789243459788254e-17,92.8717768020571,cholesky,2.400818829564815e-13
0,shifted_legendre,6,29491.701750891953,1162.6712427865418,59710.68572605976,31.859083967296943,29.877471040851088,True,111020.00861646661,92.87177680208816,1.1328441516084762e-14,92.87177680205713,cholesky,3.3418663631418443e-13
0,integrated_legendre,6,2260223.325526223,226.7327965791707,3122.7823149672367,4628.764907737223,13.117250433397462,True,111020.00861634547,92.87177680206035,3.0414028870310182e-15,92.87177680205717,cholesky,3.4275552442480437e-14
0,chebyshev,6,34174.71076546961,2285.668344542793,35287.188182910366,22.948858553761326,18.79994239041808,True,111020.00861611236,92.87177680205149,1.351128578786867e-15,92.87177680205711,cholesky,6.059428021081367e-14
0,bspline_p3,5,18.314429161603638,2288.666001477815,16.75245068167506,2516.6123491371422,2095.450323488856,True,20511.662402924365,92.90909764248447,1.2257450186385219e-15,92.90909764264288,cholesky,1.704982628500434e-12
0,radial_hermite_fem,80,3625666.647454619,174225028.48450524,29.17299554003553,115651578.92562903,15745501.34105556,True,876094114.8467598,92.87172870346829,8.017690783193698e-16,92.87172895302747,cholesky,2.6871382870643744e-09
0,monomial_raw,8,3070182333731.297,9518913270.487597,2286399191801.1484,11307521897.951836,9689276260.047821,True,720648.5750824003,92.87172525720464,6.577490510356746e-15,92.87172525746435,cholesky,2.7963663773915254e-12
0,monomial_orthonormalized,8,2.0112630161981646,720496.4348568895,1.9784751545807346,896020.1849974806,143.28903827520193,True,720661.0085214323,92.87172525750148,1.2554194378326768e-17,92.87172525745962,cholesky,4.507849711516199e-13
0,shifted_legendre,8,129918.1620919533,5409.88932761268,310408.4134820021,86.46624203015229,88.57251777742027,True,720661.0084959934,92.87172525746703,1.867888502021148e-15,92.87172525745963,cholesky,7.972130684656957e-14
0,integrated_legendre,8,19183973.1774154,322.4721430033774,13679.693812169075,17696.989414186344,13.117260319435008,True,720661.0084926002,92.87172525747535,1.4346573509865162e-14,92.87172525745969,cholesky,1.686235703357382e-13
0,chebyshev,8,150752.863749981,11493.205344741322,152902.4568249353,49.727218285590894,44.59155734974014,True,720661.0084944079,92.87172525744649,8.672778286917748e-16,92.87172525745963,cholesky,1.4153974824007074e-13
0,bspline_p3,7,21.18433042187953,9637.4171536022,18.55984939841392,12056.10979248007,7724.489224982371,True,100435.26224394,92.87931936282172,5.048731398788331e-16,92.87931936301949,cholesky,2.129348776754825e-12
0,radial_hermite_fem,80,3625666.647454619,174225028.48450524,29.17299554003553,115651578.92562903,15745501.34105556,True,876094114.8467598,92.87172870346829,8.017690783193698e-16,92.87172895302747,cholesky,2.6871382870643744e-09
0,monomial_raw,10,4186349411285620.0,9142613947610.98,2895481076347426.0,10787108281815.71,9659620083051.1,True,3203370.6294034114,92.87172509110083,1.1428019453448297e-14,92.87172509199881,cholesky,9.669077521323858e-12
0,monomial_orthonormalized,10,2.1060189247125853,3288886.784372827,2.0807938035773206,4116089.078050663,290.32747551012835,True,3226819.893359225,92.87172509022587,5.768868747837678e-17,92.87172509198916,cholesky,1.8986371386667357e-11
0,shifted_legendre,10,428047.1146550058,19106.421564432603,1122511.4633290234,194.58882194534482,215.8743492842571,True,3226819.895585976,92.87172509178733,1.3417263482636635e-14,92.8717250919891,cholesky,2.1726733933421713e-12
0,integrated_legendre,10,105076307.5740789,421.00962723541346,43938.42313689919,47920.16520323793,13.117260368817876,True,3226819.8955239225,92.8717250924271,4.334505264537653e-13,92.87172509198915,cholesky,4.7156453719289395e-12
0,chebyshev,10,493546.0990693874,42776.09801728721,481848.71538301127,91.41065171168567,89.22739816286268,True,3226819.8955259435,92.8717250926128,2.56351348111416e-14,92.8717250919891,cholesky,6.715716780082721e-12
0,bspline_p3,9,22.259160656173545,27178.113274024083,19.163008354821173,37299.531292183085,19416.600991990996,True,312686.9489570711,92.87414308627902,3.6138313476967953e-16,92.87414308653996,cholesky,2.8096056190515375e-12
0,radial_hermite_fem,80,3625666.647454619,174225028.48450524,29.17299554003553,115651578.92562903,15745501.34105556,True,876094114.8467598,92.87172870346829,8.017690783193698e-16,92.87172895302747,cholesky,2.6871382870643744e-09
0,monomial_raw,12,1.1082702931859005e+17,9435002271601876.0,7.43745103742027e+16,9889511550129932.0,9543689855052066.0,True,8038072.917875134,92.8717250931403,9.033680753538438e-15,92.87172509149453,cholesky,1.7720929527268834e-11
0,monomial_orthonormalized,12,2.169615405754276,11698409.63058644,2.149834193201268,14697194.465281248,556.7576737391831,True,11314827.629748818,92.87172509222286,1.2466222962454303e-17,92.87172509148505,cholesky,7.944434812982916e-12
0,shifted_legendre,12,1160655.5935580817,55694.875628465525,3230277.4761258126,384.3570526430203,456.03689231352416,True,11314827.833333831,92.87172509231952,3.311104576253687e-14,92.87172509148508,cholesky,8.98494323433702e-12
0,integrated_legendre,12,434041775.4076175,521.56499567906,115647.68065826107,106244.24308133207,13.117260369060705,True,11314827.833079448,92.87172509087888,6.023340701094474e-13,92.87172509148503,cholesky,6.526742088887948e-12
0,chebyshev,12,1326161.764359999,129524.47309800914,1245486.4772417685,151.21874918377043,158.62472122163993,True,11314827.833182909,92.87172509338136,3.8096333182585745e-14,92.87172509148509,cholesky,2.041814157774252e-11
0,bspline_p3,11,22.835738181459092,61384.696744193505,19.402029852071188,90148.45787445313,39720.339995504226,True,756925.2416894328,92.87271696407686,6.091664543115039e-16,92.87271696428962,cholesky,2.290930251107162e-12
0,radial_hermite_fem,80,3625666.647454619,174225028.48450524,29.17299554003553,115651578.92562903,15745501.34105556,True,876094114.8467598,92.87172870346829,8.017690783193698e-16,92.87172895302747,cholesky,2.6871382870643744e-09
0,monomial_raw,16,5.910426777615363e+17,8.774935940734572e+17,5.6548835338728704e+17,1.7700446809888326e+17,6.024717631969651e+17,False,nan,nan,nan,-8667543.419137578,general_pencil,nan
0,monomial_orthonormalized,16,2.2459579421506217,90809562.65825863,2.233049318178227,114571615.30144724,1685.3569637560388,True,86118571.45554909,92.87172509704516,8.621764685563769e-18,92.87172509148351,cholesky,5.988523806348203e-11
0,shifted_legendre,16,5799153.769254457,320067.64586942806,17382448.225590006,1152.1606052369539,1515.4324426551427,True,86120386.88411196,92.87172507482182,2.1349362530871435e-13,92.87172509148361,cholesky,1.7940645121715386e-10
0,integrated_legendre,16,4284091673.2719316,726.8173133183034,546608.6967212157,365222.20412399725,13.117260369061944,True,86120386.85749513,92.87172509291132,1.2561848034347408e-12,92.87172509148363,cholesky,1.5372746845785568e-11
0,chebyshev,16,6502812.876925531,783772.964862593,5729048.147460699,338.20793597511846,396.0448545805265,True,86120386.87472871,92.87172509447544,2.1721805292743967e-14,92.87172509148361,cholesky,3.2214599772956574e-11
0,bspline_p3,15,23.512207245113583,213430.21677581136,19.551753736476595,343317.13577519375,117522.39437566532,True,2880775.4674101733,92.87198329435363,1.7713516594718905e-16,92.87198329388548,cholesky,5.040790239199313e-12
0,radial_hermite_fem,80,3625666.647454619,174225028.48450524,29.17299554003553,115651578.92562903,15745501.34105556,True,876094114.8467598,92.87172870346829,8.017690783193698e-16,92.87172895302747,cholesky,2.6871382870643744e-09
1,monomial_raw,6,1867911832.6897235,10689079.334856164,1501329183.179512,12821884.944256,10248625.413851567,True,107871.12298643675,95.6459336647115,6.247771854066293e-16,95.64593366472262,cholesky,1.1618777674587925e-13
1,monomial_orthonormalized,6,1.8641737665354592,104963.69588071875,1.82126106490205,129040.45440468178,75.11732846320974,True,107871.1216646203,95.6459336647363,2.2406238966787213e-17,95.6459336647178,cholesky,1.9344819095030997e-13
1,shifted_legendre,6,29491.701750891953,1114.8658537830854,59710.68572605976,31.374978337455815,29.69351421943066,True,107871.12166476324,95.64593366468971,1.0120354559365677e-14,95.64593366471789,cholesky,2.946296180141815e-13
1,integrated_legendre,6,2260223.325526223,234.3307814272146,3122.7823149672367,4535.311816069151,13.306905992433041,True,107871.12166464096,95.64593366472177,3.582586520954649e-15,95.64593366471786,cholesky,4.085887289657082e-14
1,chebyshev,6,34174.71076546961,2193.727559878121,35287.188182910366,22.278707205819494,18.599382100174978,True,107871.12166442798,95.64593366472123,9.339675501085943e-16,95.64593366471786,cholesky,3.521291955086285e-14
1,bspline_p3,5,18.314429161603638,2228.1673194047,16.75245068167506,2448.7650592754762,2037.0593589514576,True,19949.496896860368,95.70370811729633,8.896948836372432e-16,95.70370811728039,cholesky,1.6660356535942492e-13
1,radial_hermite_fem,80,3625666.647454619,169418071.81234762,29.17299554003553,112299304.49116245,15289733.044754751,True,850691299.0862056,95.64573773585019,6.809722907262935e-16,95.64573873975154,cholesky,1.0496038394186584e-08
1,monomial_raw,8,3070182333731.297,9518790588.484655,2286399191801.1484,11305729936.000862,9667674256.245853,True,699918.6556745181,95.64573358704418,3.943144216018844e-15,95.64573358682193,cholesky,2.323611817868527e-12
1,monomial_orthonormalized,8,2.0112630161981646,699783.5076071558,1.9784751545807346,870260.570671816,141.66042234402283,True,699930.7345643246,95.64573358656517,3.158284620815528e-17,95.64573358680589,cholesky,2.5167632574257677e-12
1,shifted_legendre,8,129918.1620919533,5168.062807935977,310408.4134820021,85.78034162112071,88.196723403407,True,699930.7345395323,95.64573358671952,1.318049193010413e-14,95.64573358680596,cholesky,9.038001590956333e-13
1,integrated_legendre,8,19183973.1774154,334.82720367953453,13679.693812169075,17293.028353169808,13.306937510639253,True,699930.7345368238,95.6457335868324,2.5467530554441734e-14,95.64573358680595,cholesky,2.7665229265758173e-13
1,chebyshev,8,150752.863749981,10995.976760416643,152902.4568249353,48.66340655256595,44.27178821350781,True,699930.7345381624,95.6457335869515,1.2597458972333709e-14,95.64573358680595,cholesky,1.5217361876471278e-12
1,bspline_p3,7,21.18433042187953,9373.905262668673,18.55984939841392,11718.941129590614,7512.7899221261305,True,97597.02531678215,95.6577851737786,4.773486146106582e-16,95.65778517361004,cholesky,1.7622105542772994e-12
1,radial_hermite_fem,80,3625666.647454619,169418071.81234762,29.17299554003553,112299304.49116245,15289733.044754751,True,850691299.0862056,95.64573773585019,6.809722907262935e-16,95.64573873975154,cholesky,1.0496038394186584e-08
1,monomial_raw,10,4186349411285620.0,9149231094111.066,2895481076347426.0,10793090767777.123,9641717155294.053,True,3110800.92208892,95.64573260314538,3.922667208888696e-15,95.64573260376494,cholesky,6.477705037192519e-12
1,monomial_orthonormalized,10,2.1060189247125853,3193905.542097747,2.0807938035773206,3997216.185443674,288.16750701196037,True,3133581.418950321,95.64573260441927,2.3106063562372972e-17,95.64573260373514,cholesky,7.152695036368233e-12
1,shifted_legendre,10,428047.1146550058,18219.557329762392,1122511.4633290234,193.6987677725701,215.12637564728647,True,3133581.421105002,95.6457326019731,1.2576289825264085e-13,95.64573260373515,cholesky,1.8422784494286422e-11
1,integrated_legendre,10,105076307.5740789,437.93791576047596,43938.42313689919,46773.65545983877,13.306937752315037,True,3133581.4210556573,95.64573260427343,4.98046708649873e-13,95.64573260373517,cholesky,5.627690116377298e-12
1,chebyshev,10,493546.0990693874,40865.946509230045,481848.71538301127,89.97647758862428,88.748654272019,True,3133581.4210661612,95.64573260368829,2.4859127777505135e-15,95.64573260373511,cholesky,4.895646152932705e-13
1,bspline_p3,9,22.259160656173545,26425.155204517338,19.163008354821173,36240.53996743527,18887.222047844785,True,303750.9199575186,95.649591790615,5.595305065302375e-16,95.6495917907824,cholesky,1.7500300268557496e-12
1,radial_hermite_fem,80,3625666.647454619,169418071.81234762,29.17299554003553,112299304.49116245,15289733.044754751,True,850691299.0862056,95.64573773585019,6.809722907262935e-16,95.64573873975154,cholesky,1.0496038394186584e-08
1,monomial_raw,12,1.1082702931859005e+17,1.1019277719643442e+16,7.43745103742027e+16,1.3070048810625368e+16,1.1035999890448288e+16,True,7805410.494280075,95.64573259627618,7.008536923578177e-15,95.64573259933326,cholesky,3.1962551969827364e-11
1,monomial_orthonormalized,12,2.169615405754276,11359950.024348041,2.149834193201268,14271965.719072882,553.8439434158887,True,10987301.788816629,95.64573260017141,9.89167099305989e-18,95.64573259951409,cholesky,6.872476868403516e-12
1,shifted_legendre,12,1160655.5935580817,53058.8450212598,3230277.4761258126,383.2124167718525,454.6932781338733,True,10987301.986578321,95.64573259672348,1.0807929630297443e-13,95.64573259951412,cholesky,2.91768624485109e-11
1,integrated_legendre,12,434041775.4076175,543.01482278179,115647.68065826107,103643.61371311445,13.306937753926643,True,10987301.986299075,95.64573259781196,1.5719275503084456e-12,95.64573259951416,cholesky,1.7796973824475393e-11
1,chebyshev,12,1326161.764359999,123647.33636271872,1245486.4772417685,149.4612929550098,157.95697817796136,True,10987301.986571675,95.64573260359137,8.290775179745131e-14,95.64573259951413,cholesky,4.2628523150224884e-11
1,bspline_p3,11,22.835738181459092,59671.67165953262,19.402029852071188,87569.61265772954,38639.787570953,True,735179.3475872922,95.64731774165543,3.233913978946646e-16,95.64731774100335,cholesky,6.8175385872030285e-12
1,radial_hermite_fem,80,3625666.647454619,169418071.81234762,29.17299554003553,112299304.49116245,15289733.044754751,True,850691299.0862056,95.64573773585019,6.809722907262935e-16,95.64573873975154,cholesky,1.0496038394186584e-08
1,monomial_raw,16,5.910426777615363e+17,6.667373805675137e+16,5.6548835338728704e+17,1.1888732992448346e+17,5.293686842699822e+16,False,nan,nan,nan,-11044615.14229427,general_pencil,nan
1,monomial_orthonormalized,16,2.2459579421506217,88178876.4947747,2.233049318178227,111252501.98192854,1680.3566688276326,True,83622588.07845984,95.64573261631054,1.9228043044950073e-17,95.6457325994978,cholesky,1.757813324120153e-10
1,shifted_legendre,16,5799153.769254457,304647.15811340825,17382448.225590006,1150.3319776377712,1512.091978442933,True,83624350.8863089,95.64573263667921,4.737822488966216e-13,95.64573259949778,cholesky,3.887411971838629e-10
1,integrated_legendre,16,4284091673.2719316,757.2944231395537,546608.6967212157,356098.2857061932,13.306937753936495,True,83624350.86209783,95.64573260024481,7.701699740044525e-13,95.64573259949782,cholesky,7.81000425008523e-12
1,chebyshev,16,6502812.876925531,747697.6934444103,5729048.147460699,335.9603815228173,394.9364805994702,True,83624350.87613513,95.64573262498772,1.6502643110943164e-13,95.64573259949775,cholesky,2.665039701962358e-10
1,bspline_p3,15,23.512207245113583,207424.2354961615,19.551753736476595,333428.00590649655,114328.82403478074,True,2797628.973975328,95.64614516851873,2.8396083836475187e-16,95.64614516537384,cholesky,3.2880473800026795e-11
1,radial_hermite_fem,80,3625666.647454619,169418071.81234762,29.17299554003553,112299304.49116245,15289733.044754751,True,850691299.0862056,95.64573773585019,6.809722907262935e-16,95.64573873975154,cholesky,1.0496038394186584e-08
2,monomial_raw,6,1867911832.6897235,10649823.162306203,1501329183.179512,12763635.82648158,10116457.105110977,True,82893.23558490971,124.71341719437879,1.510308311968494e-16,124.71341719438385,cholesky,4.056551726689224e-14
2,monomial_orthonormalized,6,1.8641737665354592,80620.30882587722,1.82126106490205,99118.87829336284,71.39646415489634,True,82893.23457103017,124.71341719440358,2.7777872925276984e-17,124.71341719437716,cholesky,2.1182948482909189e-13
2,shifted_legendre,6,29491.701750891953,982.8397624719249,59710.68572605976,30.473204658003873,29.04921629130588,True,82893.23457110468,124.71341719431331,2.259006298766517e-14,124.7134171943772,cholesky,5.123105776178574e-13
2,integrated_legendre,6,2260223.325526223,270.4607613264657,3122.7823149672367,3612.6302449881264,12.423606258815168,True,82893.23457102991,124.71341719436664,7.883313193316266e-15,124.71341719437727,cholesky,8.523316549336234e-14
2,chebyshev,6,34174.71076546961,1916.9948973496273,35287.188182910366,20.75818522963261,17.96391478186635,True,82893.23457085277,124.71341719435972,3.9065820177020735e-15,124.71341719437719,cholesky,1.40042193036554e-13
2,bspline_p3,5,18.314429161603638,1726.7515585939395,16.75245068167506,1891.3593736142718,1576.3710482677445,True,15375.785595257026,124.86040362038698,3.819447622500097e-16,124.86040362035668,cholesky,2.426513239932463e-13
2,radial_hermite_fem,80,3625666.647454619,133130179.28002033,29.17299554003553,86131100.87535727,11728409.18990954,True,652438501.7509084,124.7119300012206,7.418032178475387e-16,124.71193071495229,cholesky,5.723042615883286e-09
2,monomial_raw,8,3070182333731.297,9524802444.326824,2286399191801.1484,11306263572.132992,9573068201.452194,True,537184.7028968221,124.71192558723793,1.190993995214904e-15,124.7119255874463,cholesky,1.6708407131673877e-12
2,monomial_orthonormalized,8,2.0112630161981646,536813.8037515802,1.9784751545807346,667628.9212480398,136.72280358117064,True,537193.9812142799,124.71192558754652,9.03507748095965e-18,124.71192558749185,cholesky,4.383635152119344e-13
2,shifted_legendre,8,129918.1620919533,4467.346337659897,310408.4134820021,84.33450532671625,86.28764704389027,True,537193.9811959947,124.71192558729273,2.978305632726131e-14,124.7119255874919,cholesky,1.5971154222018376e-12
2,integrated_legendre,8,19183973.1774154,391.9670218878629,13679.693812169075,13663.744528215144,12.423783911599987,True,537193.981193489,124.71192558753928,2.9521294960248993e-14,124.71192558749196,cholesky,3.7945165210702886e-13
2,chebyshev,8,150752.863749981,9451.206286220915,152902.4568249353,46.29199464952937,42.95405774115895,True,537193.981194415,124.71192558729534,1.7203858217991814e-14,124.71192558749189,cholesky,1.5760347748625584e-12
2,bspline_p3,7,21.18433042187953,7240.975470066661,18.55984939841392,9019.178899102079,5824.802502437688,True,75022.15206243351,124.74452848437637,6.005778519769292e-16,124.7445284843309,cholesky,3.6454292337445863e-13
2,radial_hermite_fem,80,3625666.647454619,133130179.28002033,29.17299554003553,86131100.87535727,11728409.18990954,True,652438501.7509084,124.7119300012206,7.418032178475387e-16,124.71193071495229,cholesky,5.723042615883286e-09
2,monomial_raw,10,4186349411285620.0,9164267744618.791,2895481076347426.0,10805653107087.656,9557408369192.996,True,2386572.9620371587,124.71191397475926,2.6566621569277213e-15,124.7119139761583,cholesky,1.1218209962877992e-11
2,monomial_orthonormalized,10,2.1060189247125853,2449096.427830009,2.0807938035773206,3065261.6989232595,281.5966149858736,True,2404051.0214502276,124.71191397560905,2.556661203739244e-17,124.71191397650907,cholesky,7.216760876971361e-12
2,shifted_legendre,10,428047.1146550058,15604.01211601339,1122511.4633290234,191.60946076822003,210.56065296093814,True,2404051.02311035,124.71191397658933,4.758670525499078e-15,124.71191397650904,cholesky,6.438144246267854e-13
2,integrated_legendre,10,105076307.5740789,515.4515596405937,43938.42313689919,36832.38336799834,12.423786080516019,True,2404051.023062097,124.71191397650796,5.5548717070314e-15,124.71191397650915,cholesky,9.571754277637155e-15
2,chebyshev,10,493546.0990693874,34864.35616974896,481848.71538301127,86.80292332863935,86.45395755385535,True,2404051.0230726628,124.71191397665031,5.213722182668411e-15,124.71191397650904,cholesky,1.1327715389760837e-12
2,bspline_p3,9,22.259160656173545,20381.752570981538,19.163008354821173,27850.787586324568,14652.22230777991,True,233261.99926003802,124.7225219853318,5.960996909816269e-16,124.72252198457218,cholesky,6.0904222028612814e-12
2,radial_hermite_fem,80,3625666.647454619,133130179.28002033,29.17299554003553,86131100.87535727,11728409.18990954,True,652438501.7509084,124.7119300012206,7.418032178475387e-16,124.71193071495229,cholesky,5.723042615883286e-09
2,monomial_raw,12,1.1082702931859005e+17,1.0708064584699862e+16,7.43745103742027e+16,1.181826439857718e+16,1.2745965983882234e+16,True,5987250.851682689,124.7119138999791,1.0066369997151314e-15,124.71191390136978,cholesky,1.1151207689621613e-11
2,monomial_orthonormalized,12,2.169615405754276,8709427.159755295,2.149834193201268,10942666.305524671,544.9764814963733,True,8427995.606961323,124.71191390611538,1.0808473303417022e-17,124.7119139050752,cholesky,8.34064436318137e-12
2,shifted_legendre,12,1160655.5935580817,45225.755446021976,3230277.4761258126,380.3321524881797,445.6023015451468,True,8427995.758704964,124.71191390218814,1.115192347330141e-13,124.71191390507569,cholesky,2.3153731762499393e-11
2,integrated_legendre,12,434041775.4076175,640.7912473701475,115647.68065826107,81476.30199939574,12.423786101510883,True,8427995.758501478,124.71191390436528,4.505022745986115e-13,124.71191390507579,cholesky,5.6972448886597654e-12
2,chebyshev,12,1326161.764359999,105096.06116751446,1245486.4772417685,145.56114157945228,154.43180288861552,True,8427995.758630602,124.71191390377201,2.6383377907079614e-14,124.71191390507569,cholesky,1.0453495171724269e-11
2,bspline_p3,11,22.835738181459092,45981.924812306024,19.402029852071188,67247.74937704076,29981.152700129132,True,564309.8746457347,124.71629111855445,8.086864875407302e-16,124.71629111937777,cholesky,6.601543963425481e-12
2,radial_hermite_fem,80,3625666.647454619,133130179.28002033,29.17299554003553,86131100.87535727,11728409.18990954,True,652438501.7509084,124.7119300012206,7.418032178475387e-16,124.71193071495229,cholesky,5.723042615883286e-09
2,monomial_raw,16,5.910426777615363e+17,1.2540081278954778e+18,5.6548835338728704e+17,8.739366031340552e+17,2.4503023205547205e+19,False,nan,nan,nan,-9829919.794653883,general_pencil,nan
2,monomial_orthonormalized,16,2.2459579421506217,67597070.20532602,2.233049318178227,85290240.67862165,1665.1767799279578,True,64136887.09716369,124.71191391855979,1.4021184645894897e-17,124.71191390470193,cholesky,1.1111895127089308e-10
2,shifted_legendre,16,5799153.769254457,258576.93292285874,17382448.225590006,1145.3864645273145,1486.7277077727917,True,64138239.121571675,124.7119139016791,4.6424082302620684e-14,124.71191390470163,cholesky,2.4236137642754877e-11
2,integrated_legendre,16,4284091673.2719316,895.708310344673,546608.6967212157,279501.1250843127,12.42378610168556,True,64138239.10456221,124.71191389843376,4.133890101548146e-12,124.71191390470167,cholesky,5.02591167011532e-11
2,chebyshev,16,6502812.876925531,633472.5352017522,5729048.147460699,330.6669356701534,388.334359734017,True,64138239.11638092,124.71191389136821,8.63780498734747e-14,124.71191390470165,cholesky,1.0691387450528586e-10
2,bspline_p3,15,23.512207245113583,159651.86738058025,19.551753736476595,255879.72825925134,88699.85145746531,True,2146525.3246375592,124.71305411137548,3.282765097763271e-16,124.71305410767998,cholesky,2.9632057152477973e-11
2,radial_hermite_fem,80,3625666.647454619,133130179.28002033,29.17299554003553,86131100.87535727,11728409.18990954,True,652438501.7509084,124.7119300012206,7.418032178475387e-16,124.71193071495229,cholesky,5.723042615883286e-09
3,monomial_raw,6,1867911832.6897235,10638219.892911265,1501329183.179512,12715432.769337988,9916840.120009616,True,42833.46164556075,242.1502579363812,3.4299764880695175e-16,242.15025793637477,cholesky,2.6526118064094882e-14
3,monomial_orthonormalized,6,1.8641737665354592,41576.09150271129,1.82126106490205,51127.269340198305,65.35498031779099,True,42833.461122350636,242.1502579363984,2.2097223128625542e-17,242.15025793637855,cholesky,8.192579826875193e-14
3,shifted_legendre,6,29491.701750891953,859.1999138479001,59710.68572605976,33.691818327608615,34.57688115590287,True,42833.46112239715,242.15025793634808,8.450469650332294e-15,242.1502579363787,cholesky,1.2640986351783063e-13
3,integrated_legendre,6,2260223.325526223,373.6771864292989,3122.7823149672367,2025.4551182588843,10.081825611662449,True,42833.461122348424,242.15025793636525,4.941500397924101e-15,242.15025793637858,cholesky,5.504756359318718e-14
3,chebyshev,6,34174.71076546961,1605.5519330057414,35287.188182910366,21.11599741932527,20.1100820345319,True,42833.46112226115,242.15025793635112,4.728680053718063e-15,242.15025793637867,cholesky,1.1373366550490057e-13
3,bspline_p3,5,18.314429161603638,910.1454691186307,16.75245068167506,987.9281455208505,833.5198731882633,True,7989.859862503052,242.50097636595132,1.169159417620104e-15,242.50097636614373,cholesky,7.934606108691064e-13
3,radial_hermite_fem,80,3625666.647454619,74781601.63013616,29.17299554003553,44365312.04921389,6042569.0575741185,True,336040998.1560452,242.14300586989157,8.042791449154054e-16,242.14300563582822,cholesky,9.666327111975535e-10
3,monomial_raw,8,3070182333731.297,9555254326.325974,2286399191801.1484,11326007094.218922,9403696968.398026,True,277006.9229976673,242.14304503184187,5.614871021968839e-16,242.1430450314679,cholesky,1.5444294616707078e-12
3,monomial_orthonormalized,8,2.0112630161981646,276257.7679291674,1.9784751545807346,343656.14516060957,129.28774003483318,True,277011.7069289969,242.14304503176206,2.1055719077310846e-17,242.14304503182578,cholesky,2.6315631958204965e-13
3,shifted_legendre,8,129918.1620919533,3651.9903201254833,310408.4134820021,86.83655628263188,89.09025899303545,True,277011.7069192834,242.1430450318067,2.4122608918689193e-15,242.14304503182595,cholesky,7.946334895497212e-14
3,integrated_legendre,8,19183973.1774154,555.2104952061154,13679.693812169075,7557.548064398654,10.082181605577896,True,277011.7069180738,242.1430450317718,1.8038299862510144e-14,242.14304503182584,cholesky,2.231312058543605e-13
3,chebyshev,8,150752.863749981,7489.139194601315,152902.4568249353,45.1362200106418,42.29662552098125,True,277011.70691855345,242.1430450318952,5.580193169760188e-15,242.14304503182592,cholesky,2.8616195679796463e-13
3,bspline_p3,7,21.18433042187953,3790.7983984519797,18.55984939841392,4676.20378292697,3090.9478251564724,True,38792.06416170881,242.22677653472263,8.644344482977699e-16,242.22677653430262,cholesky,1.7339784972246057e-12
3,radial_hermite_fem,80,3625666.647454619,74781601.63013616,29.17299554003553,44365312.04921389,6042569.0575741185,True,336040998.1560452,242.14300586989157,8.042791449154054e-16,242.14300563582822,cholesky,9.666327111975535e-10
3,monomial_raw,10,4186349411285620.0,9193663656823.846,2895481076347426.0,10830455650465.014,9398048612349.469,True,1229853.081077011,242.14296200247477,5.036763730198591e-16,242.14296200191197,cholesky,2.324274409992623e-12
3,monomial_orthonormalized,10,2.1060189247125853,1259514.36286371,2.0807938035773206,1576751.8432013278,271.5657030983263,True,1238858.093823723,242.14296199673075,4.569706478258772e-17,242.14296199520595,cholesky,6.2970910930788615e-12
3,shifted_legendre,10,428047.1146550058,12333.3033792434,1122511.4633290234,192.41737639617529,203.44629555199214,True,1238858.0946770902,242.1429619953272,6.887189076707121e-15,242.14296199520604,cholesky,5.003727810359033e-13
3,integrated_legendre,10,105076307.5740789,736.7630498376457,43938.42313689919,20257.08788894784,10.082188767140154,True,1238858.094654186,242.14296199513714,2.4575825973350784e-14,242.1429619952062,cholesky,2.852230490070946e-13
3,chebyshev,10,493546.0990693874,26920.889746894652,481848.71538301127,84.21975284869801,82.34516828149911,True,1238858.0946575857,242.14296199491537,1.1088157575655803e-14,242.14296199520598,cholesky,1.200166944896109e-12
3,bspline_p3,9,22.259160656173545,10634.04827795586,19.163008354821173,14398.469609353291,7784.555753839017,True,120405.50900342215,242.17082016648595,1.5714799810737856e-16,242.17082016640384,cholesky,3.3905950555073637e-13
3,radial_hermite_fem,80,3625666.647454619,74781601.63013616,29.17299554003553,44365312.04921389,6042569.0575741185,True,336040998.1560452,242.14300586989157,8.042791449154054e-16,242.14300563582822,cholesky,9.666327111975535e-10
3,monomial_raw,12,1.1082702931859005e+17,1.0731451094953676e+16,7.43745103742027e+16,1.0287077682648802e+16,1.2119616343303332e+16,True,3085027.7642025086,242.14296128333487,1.5565266995794017e-16,242.14296126606396,cholesky,7.132524683944376e-11
3,monomial_orthonormalized,12,2.169615405754276,4477845.233490886,2.149834193201268,5627316.435501103,531.332090169038,True,4341965.783426757,242.1429612917033,1.285545274975613e-17,242.14296129150853,cholesky,8.043759508337565e-13
3,shifted_legendre,12,1160655.5935580817,35139.184022349946,3230277.4761258126,379.2805617354648,424.7728990686072,True,4341965.86160008,242.1429612910361,1.6618339681545828e-14,242.14296129151126,cholesky,1.9622876325753087e-12
3,integrated_legendre,12,434041775.4076175,919.8027725840107,115647.68065826107,44682.602947005216,10.08218887496696,True,4341965.861464107,242.14296129358638,7.502638151670781e-13,242.14296129151094,cholesky,8.571128711182375e-12
3,chebyshev,12,1326161.764359999,80127.93448870498,1245486.4772417685,141.72719520703674,146.7004796950979,True,4341965.861550833,242.1429612881695,6.335891729980763e-14,242.14296129151126,cholesky,1.380080483687879e-11
3,bspline_p3,11,22.835738181459092,23937.51331100364,19.402029852071188,34717.43099804144,15933.280592138488,True,291053.1960924153,242.15454800809232,2.7744906167305326e-16,242.1545480083086,cholesky,8.93186646892766e-13
3,radial_hermite_fem,80,3625666.647454619,74781601.63013616,29.17299554003553,44365312.04921389,6042569.0575741185,True,336040998.1560452,242.14300586989157,8.042791449154054e-16,242.14300563582822,cholesky,9.666327111975535e-10
3,monomial_raw,16,5.910426777615363e+17,1.5484983668310634e+17,5.6548835338728704e+17,8.947923457320992e+17,2.2745556126164454e+17,False,nan,nan,nan,-10961510.675117373,general_pencil,nan
3,monomial_orthonormalized,16,2.2459579421506217,34747555.80788188,2.233049318178227,43852514.87945917,1641.6420331845075,True,33036067.040197413,242.14296128117942,7.16452186398362e-18,242.14296128666032,cholesky,2.263497258336335e-11
3,shifted_legendre,16,5799153.769254457,198044.9968034644,17382448.225590006,1140.2743099227475,1417.3297149642344,True,33036763.44635687,242.14296129882086,1.445303615314111e-13,242.1429612866573,cholesky,5.0232943609713566e-11
3,integrated_legendre,16,4284091673.2719316,1290.5359044724562,546608.6967212157,152883.1415383116,10.082188876309568,True,33036763.437948998,242.14296130860834,7.754613269395954e-12,242.1429612866575,cholesky,9.065233629302167e-11
3,chebyshev,16,6502812.876925531,477974.19122155686,5729048.147460699,324.5344174101695,371.41524905716,True,33036763.44438777,242.14296127461458,7.726120965088258e-14,242.1429612866573,cholesky,4.97339793361016e-11
3,bspline_p3,15,23.512207245113583,82874.9669430558,19.551753736476595,131935.02417865137,47114.305097491546,True,1106337.873888203,242.14599025191714,3.6863616184236035e-16,242.14599025465213,cholesky,1.129480886262911e-11
3,radial_hermite_fem,80,3625666.647454619,74781601.63013616,29.17299554003553,44365312.04921389,6042569.0575741185,True,336040998.1560452,242.14300586989157,8.042791449154054e-16,242.14300563582822,cholesky,9.666327111975535e-10
4,monomial_raw,6,1867911832.6897235,10726962.593939878,1501329183.179512,12742747.010222604,9859070.446862381,True,18986.564549023944,548.8265780726882,1.064966805697564e-16,548.8265780727028,cholesky,2.6514596431295947e-14
4,monomial_orthonormalized,6,1.8641737665354592,18356.480569462616,1.82126106490205,22582.601340031484,58.84428359725369,True,18986.564316942495,548.8265780725908,3.206836168440893e-17,548.8265780726045,cholesky,2.5064579438963937e-14
4,shifted_legendre,6,29491.701750891953,911.5184582171097,59710.68572605976,58.11959713665794,66.23608384221164,True,18986.56431696134,548.8265780726348,5.1446675988554485e-15,548.8265780726047,cholesky,5.4893500424177206e-14
4,integrated_legendre,6,2260223.325526223,602.5727827785408,3122.7823149672367,1023.8359928065752,8.932818901903232,True,18986.56431694234,548.8265780726097,7.0865621109469e-16,548.8265780726042,cholesky,9.942973661737767e-15
4,chebyshev,6,34174.71076546961,1557.724839219588,35287.188182910366,33.05631500963656,36.95254100442001,True,18986.56431690292,548.8265780726169,1.4147002176843921e-15,548.8265780726045,cholesky,2.2578836023529498e-14
4,bspline_p3,5,18.314429161603638,416.93672374941144,16.75245068167506,445.64176610583434,384.70765700678066,True,3571.5217200722086,549.4926942466869,5.883610811815107e-16,549.4926942467869,cholesky,1.8185997994801336e-13
4,radial_hermite_fem,80,3625666.647454619,39245163.250868164,29.17299554003553,19578051.593808196,2667416.347522861,True,148275643.50259265,548.8044618524704,8.022440936639779e-16,548.8044609137053,cholesky,1.7105638716638215e-09
4,monomial_raw,8,3070182333731.297,9638714771.638355,2286399191801.1484,11390959340.093456,9284941270.9324,True,122430.2321218877,548.8047328244038,6.758454551631664e-17,548.8047328249172,cholesky,9.355053417781091e-13
4,monomial_orthonormalized,8,2.0112630161981646,121613.44317109199,1.9784751545807346,151345.0949730412,121.2028803945052,True,122432.34668382313,548.8047328252948,2.4438636516918842e-17,548.8047328254387,cholesky,2.622563690633217e-13
4,shifted_legendre,8,129918.1620919533,3389.053826246631,310408.4134820021,133.04781252885078,159.72910504315712,True,122432.3466795326,548.8047328255503,9.819677844168253e-15,548.8047328254388,cholesky,2.0321761299456437e-13
4,integrated_legendre,8,19183973.1774154,926.285618000055,13679.693812169075,3747.9864541689944,8.933175031261502,True,122432.34667901999,548.8047328256549,3.237673047238177e-14,548.8047328254384,cholesky,3.9462747477537766e-13
4,chebyshev,8,150752.863749981,6406.146183154828,152902.4568249353,59.96506784844909,70.63363657949557,True,122432.34667917945,548.8047328253737,3.808248507934991e-15,548.8047328254388,cholesky,1.1869897272771191e-13
4,bspline_p3,7,21.18433042187953,1718.0138844039802,18.55984939841392,2084.4826691917415,1433.7846764810708,True,17213.226976798815,548.9747823176167,8.982266872909911e-16,548.9747823181151,cholesky,9.078797653819268e-13
4,radial_hermite_fem,80,3625666.647454619,39245163.250868164,29.17299554003553,19578051.593808196,2667416.347522861,True,148275643.50259265,548.8044618524704,8.022440936639779e-16,548.8044609137053,cholesky,1.7105638716638215e-09
4,monomial_raw,10,4186349411285620.0,9256806693710.451,2895481076347426.0,10885960193025.217,9253505020185.67,True,543060.6478057026,548.8043719852901,6.361852509347083e-17,548.8043719870531,cholesky,3.2123319028345672e-12
4,monomial_orthonormalized,10,2.1060189247125853,553935.3643109318,2.0807938035773206,693740.4547146342,260.14839191565727,True,547034.171462958,548.8043719662235,1.7591810440493967e-17,548.8043719657595,cholesky,8.453941120769018e-13
4,shifted_legendre,10,428047.1146550058,10372.571656073078,1122511.4633290234,253.9326842816538,324.491327257521,True,547034.1718389866,548.8043719660468,1.3893792721622125e-14,548.8043719657596,cholesky,5.232701610159896e-13
4,integrated_legendre,10,105076307.5740789,1245.054580148686,43938.42313689919,9965.906057588341,8.933186303046476,True,547034.171829711,548.804371967679,2.8693792507875033e-13,548.804371965759,cholesky,3.49861826975418e-12
4,chebyshev,10,493546.0990693874,21294.53905614365,481848.71538301127,96.0285767830439,118.41154345946445,True,547034.1718307405,548.8043719657054,1.4213916878966626e-15,548.8043719657595,cholesky,9.860514514790621e-14
4,bspline_p3,9,22.259160656173545,4792.731651121517,19.163008354821173,6389.534318636611,3617.699140819159,True,53293.4378438852,548.8623270605369,4.1637572552014397e-16,548.8623270609135,cholesky,6.860204972534112e-13
4,radial_hermite_fem,80,3625666.647454619,39245163.250868164,29.17299554003553,19578051.593808196,2667416.347522861,True,148275643.50259265,548.8044618524704,8.022440936639779e-16,548.8044609137053,cholesky,1.7105638716638215e-09
4,monomial_raw,12,1.1082702931859005e+17,8303290684266603.0,7.43745103742027e+16,8785645702749594.0,8520728143740054.0,True,1361835.8327746636,548.8043678559366,5.0482517990424254e-17,548.8043678395827,cholesky,2.979905511800655e-11
4,monomial_orthonormalized,12,2.169615405754276,1968612.2247494594,2.149834193201268,2474972.30044527,515.4313877945846,True,1916536.587237006,548.8043678535764,6.501165290064115e-18,548.8043678540009,cholesky,7.735117956740575e-13
4,shifted_legendre,12,1160655.5935580817,27794.72544236569,3230277.4761258126,438.76037323433263,591.3248427178097,True,1916536.6217346068,548.8043678531842,2.4447124988559816e-14,548.8043678540134,cholesky,1.5109788531458079e-12
4,integrated_legendre,12,434041775.4076175,1563.407075364744,115647.68065826107,21894.11623859182,8.933186561224698,True,1916536.621680965,548.8043678570061,4.5146926311087856e-13,548.8043678540132,cholesky,5.453527459270161e-12
4,chebyshev,12,1326161.764359999,60732.16054404334,1245486.4772417685,146.8805491846479,183.25590129745925,True,1916536.6217069612,548.8043678535981,6.632081112636e-15,548.8043678540135,cholesky,7.569395022477078e-13
4,bspline_p3,11,22.835738181459092,10748.698604953512,19.402029852071188,15373.065395927999,7408.25187823762,True,128677.06885630704,548.8287136485784,7.476815850986851e-16,548.8287136474983,cholesky,1.968079691046969e-12
4,radial_hermite_fem,80,3625666.647454619,39245163.250868164,29.17299554003553,19578051.593808196,2667416.347522861,True,148275643.50259265,548.8044618524704,8.022440936639779e-16,548.8044609137053,cholesky,1.7105638716638215e-09
4,monomial_raw,16,5.910426777615363e+17,1.5028703943711191e+19,5.6548835338728704e+17,1.0982902924236237e+17,1.1200157680465318e+18,False,nan,nan,nan,-9916969.63605797,general_pencil,nan
4,monomial_orthonormalized,16,2.2459579421506217,15272109.003331041,2.233049318178227,19281787.03656504,1613.4796786312293,True,14578228.209578352,548.8043678303354,1.749545559055429e-17,548.8043678172552,cholesky,2.3834065253679037e-11
4,shifted_legendre,16,5799153.769254457,148459.27388557568,17382448.225590006,1164.072664280291,1584.7208323364991,True,14578535.517913472,548.8043678089289,9.437908188604743e-14,548.8043678172355,cholesky,1.5135889894618878e-11
4,integrated_legendre,16,4284091673.2719316,2204.7353535155285,546608.6967212157,74636.70391750333,8.933186565970678,True,14578535.51445752,548.8043678136896,5.042572125835065e-13,548.8043678172351,cholesky,6.46029428535276e-12
4,chebyshev,16,6502812.876925531,350013.1125349849,5729048.147460699,321.10651397848926,376.98020616748454,True,14578535.51747358,548.8043678230094,3.3871531481568105e-14,548.8043678172355,cholesky,1.052092048241184e-11
4,bspline_p3,15,23.512207245113583,37034.00675493217,19.551753736476595,58309.50818076894,21888.843207071954,True,488636.82333633385,548.8107711533687,5.168032154021058e-16,548.8107711514177,cholesky,3.5549226157632653e-12
4,radial_hermite_fem,80,3625666.647454619,39245163.250868164,29.17299554003553,19578051.593808196,2667416.347522861,True,148275643.50259265,548.8044618524704,8.022440936639779e-16,548.8044609137053,cholesky,1.7105638716638215e-09
